deck_area,displacement_proxy,aspect_ratio,draft_to_length,draft_to_width
1780,9790,4.45,0.061797753,0.275
660,2640,4.583333333,0.072727273,0.333333333
1566,8456.4,4.833333333,0.062068966,0.3
1566,8456.4,4.833333333,0.062068966,0.3
2987,10454.5,3.551724138,0.033980583,0.120689655
1780,9790,4.45,0.061797753,0.275
2987,12545.4,3.551724138,0.040776699,0.144827586
2124,8283.6,6.555555556,0.033050847,0.216666667
2987,11350.6,3.551724138,0.036893204,0.131034483
1494,5976,4.611111111,0.048192771,0.222222222
1780,9790,4.45,0.061797753,0.275
1566,8456.4,4.833333333,0.062068966,0.3
2987,12545.4,3.551724138,0.040776699,0.144827586
2987,10454.5,3.551724138,0.033980583,0.120689655
2987,11350.6,3.551724138,0.036893204,0.131034483
2987,10454.5,3.551724138,0.033980583,0.120689655
2124,8283.6,6.555555556,0.033050847,0.216666667
1494,5976,4.611111111,0.048192771,0.222222222
1494,5976,4.611111111,0.048192771,0.222222222
1780,9790,4.45,0.061797753,0.275
660,2640,4.583333333,0.072727273,0.333333333
1494,5976,4.611111111,0.048192771,0.222222222
1780,9790,4.45,0.061797753,0.275
2124,8283.6,6.555555556,0.033050847,0.216666667
324,356.4,4,0.030555556,0.122222222
2987,11350.6,3.551724138,0.036893204,0.131034483
2884,11536,3.678571429,0.038834951,0.142857143
1780,9790,4.45,0.061797753,0.275
2987,12545.4,3.551724138,0.040776699,0.144827586
324,356.4,4,0.030555556,0.122222222
2987,10454.5,3.551724138,0.033980583,0.120689655
324,356.4,4,0.030555556,0.122222222
1780,9790,4.45,0.061797753,0.275
2124,8283.6,6.555555556,0.033050847,0.216666667
2987,12545.4,3.551724138,0.040776699,0.144827586
1780,9790,4.45,0.061797753,0.275
2987,10454.5,3.551724138,0.033980583,0.120689655
1494,5976,4.611111111,0.048192771,0.222222222
1494,5976,4.611111111,0.048192771,0.222222222
952,5236,4.857142857,0.080882353,0.392857143
952,5236,4.857142857,0.080882353,0.392857143
324,356.4,4,0.030555556,0.122222222
2987,11350.6,3.551724138,0.036893204,0.131034483
324,356.4,4,0.030555556,0.122222222
660,2640,4.583333333,0.072727273,0.333333333
1494,5976,4.611111111,0.048192771,0.222222222
2124,8283.6,6.555555556,0.033050847,0.216666667
2987,10454.5,3.551724138,0.033980583,0.120689655
2987,10454.5,3.551724138,0.033980583,0.120689655
1566,8456.4,4.833333333,0.062068966,0.3
2987,10454.5,3.551724138,0.033980583,0.120689655
2987,10454.5,3.551724138,0.033980583,0.120689655
2987,11350.6,3.551724138,0.036893204,0.131034483
2987,10454.5,3.551724138,0.033980583,0.120689655
2987,10454.5,3.551724138,0.033980583,0.120689655
1566,8456.4,4.833333333,0.062068966,0.3
1566,8456.4,4.833333333,0.062068966,0.3
952,5236,4.857142857,0.080882353,0.392857143
1780,9790,4.45,0.061797753,0.275
660,2640,4.583333333,0.072727273,0.333333333
1566,8456.4,4.833333333,0.062068966,0.3
2987,11350.6,3.551724138,0.036893204,0.131034483
1780,9790,4.45,0.061797753,0.275
2987,11350.6,3.551724138,0.036893204,0.131034483
952,5236,4.857142857,0.080882353,0.392857143
324,356.4,4,0.030555556,0.122222222
1780,9790,4.45,0.061797753,0.275
2884,11536,3.678571429,0.038834951,0.142857143
2987,10454.5,3.551724138,0.033980583,0.120689655
2987,10454.5,3.551724138,0.033980583,0.120689655
2987,11350.6,3.551724138,0.036893204,0.131034483
2987,11350.6,3.551724138,0.036893204,0.131034483
2987,12545.4,3.551724138,0.040776699,0.144827586
1566,8456.4,4.833333333,0.062068966,0.3
1566,8456.4,4.833333333,0.062068966,0.3
2987,10454.5,3.551724138,0.033980583,0.120689655
2987,10454.5,3.551724138,0.033980583,0.120689655
1780,9790,4.45,0.061797753,0.275
1566,8456.4,4.833333333,0.062068966,0.3
2987,10454.5,3.551724138,0.033980583,0.120689655
1494,5976,4.611111111,0.048192771,0.222222222
2987,10454.5,3.551724138,0.033980583,0.120689655
324,356.4,4,0.030555556,0.122222222
2987,10454.5,3.551724138,0.033980583,0.120689655
660,2640,4.583333333,0.072727273,0.333333333
1494,5976,4.611111111,0.048192771,0.222222222
1566,8456.4,4.833333333,0.062068966,0.3
2124,8283.6,6.555555556,0.033050847,0.216666667
952,5236,4.857142857,0.080882353,0.392857143
1494,5976,4.611111111,0.048192771,0.222222222
2987,10454.5,3.551724138,0.033980583,0.120689655
2987,11350.6,3.551724138,0.036893204,0.131034483
1780,9790,4.45,0.061797753,0.275
2987,10454.5,3.551724138,0.033980583,0.120689655
1780,9790,4.45,0.061797753,0.275
1566,8456.4,4.833333333,0.062068966,0.3
952,5236,4.857142857,0.080882353,0.392857143
1566,8456.4,4.833333333,0.062068966,0.3
2124,8283.6,6.555555556,0.033050847,0.216666667
2124,8283.6,6.555555556,0.033050847,0.216666667
1494,5976,4.611111111,0.048192771,0.222222222
1494,5976,4.611111111,0.048192771,0.222222222
1780,9790,4.45,0.061797753,0.275
1780,9790,4.45,0.061797753,0.275
1780,9790,4.45,0.061797753,0.275
324,356.4,4,0.030555556,0.122222222
1566,8456.4,4.833333333,0.062068966,0.3
952,5236,4.857142857,0.080882353,0.392857143
2987,10454.5,3.551724138,0.033980583,0.120689655
2987,11350.6,3.551724138,0.036893204,0.131034483
1780,9790,4.45,0.061797753,0.275
1566,8456.4,4.833333333,0.062068966,0.3
2987,10454.5,3.551724138,0.033980583,0.120689655
2987,11350.6,3.551724138,0.036893204,0.131034483
2987,10454.5,3.551724138,0.033980583,0.120689655
2124,8283.6,6.555555556,0.033050847,0.216666667
2987,10454.5,3.551724138,0.033980583,0.120689655
1494,5976,4.611111111,0.048192771,0.222222222
660,2640,4.583333333,0.072727273,0.333333333
2124,8283.6,6.555555556,0.033050847,0.216666667
1494,5976,4.611111111,0.048192771,0.222222222
660,2640,4.583333333,0.072727273,0.333333333
1494,5976,4.611111111,0.048192771,0.222222222
2987,11350.6,3.551724138,0.036893204,0.131034483
952,5236,4.857142857,0.080882353,0.392857143
2124,8283.6,6.555555556,0.033050847,0.216666667
2987,10454.5,3.551724138,0.033980583,0.120689655
2124,8283.6,6.555555556,0.033050847,0.216666667
324,356.4,4,0.030555556,0.122222222
1494,5976,4.611111111,0.048192771,0.222222222
1494,5976,4.611111111,0.048192771,0.222222222
1566,8456.4,4.833333333,0.062068966,0.3
1780,9790,4.45,0.061797753,0.275
2987,10454.5,3.551724138,0.033980583,0.120689655
1494,5976,4.611111111,0.048192771,0.222222222
1566,8456.4,4.833333333,0.062068966,0.3
2987,12545.4,3.551724138,0.040776699,0.144827586
660,2640,4.583333333,0.072727273,0.333333333
952,5236,4.857142857,0.080882353,0.392857143
2124,8283.6,6.555555556,0.033050847,0.216666667
2124,8283.6,6.555555556,0.033050847,0.216666667
2124,8283.6,6.555555556,0.033050847,0.216666667
2987,10454.5,3.551724138,0.033980583,0.120689655
1494,5976,4.611111111,0.048192771,0.222222222
2987,10454.5,3.551724138,0.033980583,0.120689655
2124,8283.6,6.555555556,0.033050847,0.216666667
1566,8456.4,4.833333333,0.062068966,0.3
952,5236,4.857142857,0.080882353,0.392857143
2987,10454.5,3.551724138,0.033980583,0.120689655
952,5236,4.857142857,0.080882353,0.392857143
1566,8456.4,4.833333333,0.062068966,0.3
2987,11350.6,3.551724138,0.036893204,0.131034483
324,356.4,4,0.030555556,0.122222222
2987,10454.5,3.551724138,0.033980583,0.120689655
1566,8456.4,4.833333333,0.062068966,0.3
1566,8456.4,4.833333333,0.062068966,0.3
2987,11350.6,3.551724138,0.036893204,0.131034483
2987,12545.4,3.551724138,0.040776699,0.144827586
952,5236,4.857142857,0.080882353,0.392857143
2987,12545.4,3.551724138,0.040776699,0.144827586
2124,8283.6,6.555555556,0.033050847,0.216666667
2884,11536,3.678571429,0.038834951,0.142857143
660,2640,4.583333333,0.072727273,0.333333333
1566,8456.4,4.833333333,0.062068966,0.3
1566,8456.4,4.833333333,0.062068966,0.3
2987,10454.5,3.551724138,0.033980583,0.120689655
952,5236,4.857142857,0.080882353,0.392857143
1780,9790,4.45,0.061797753,0.275
1494,5976,4.611111111,0.048192771,0.222222222
660,2640,4.583333333,0.072727273,0.333333333
952,5236,4.857142857,0.080882353,0.392857143
2987,10454.5,3.551724138,0.033980583,0.120689655
1566,8456.4,4.833333333,0.062068966,0.3
952,5236,4.857142857,0.080882353,0.392857143
2987,11350.6,3.551724138,0.036893204,0.131034483
2124,8283.6,6.555555556,0.033050847,0.216666667
1780,9790,4.45,0.061797753,0.275
2987,10454.5,3.551724138,0.033980583,0.120689655
660,2640,4.583333333,0.072727273,0.333333333
1494,5976,4.611111111,0.048192771,0.222222222
2987,10454.5,3.551724138,0.033980583,0.120689655
2987,10454.5,3.551724138,0.033980583,0.120689655
324,356.4,4,0.030555556,0.122222222
2987,10454.5,3.551724138,0.033980583,0.120689655
1780,9790,4.45,0.061797753,0.275
2987,10454.5,3.551724138,0.033980583,0.120689655
2987,10454.5,3.551724138,0.033980583,0.120689655
2884,11536,3.678571429,0.038834951,0.142857143
2884,11536,3.678571429,0.038834951,0.142857143
1494,5976,4.611111111,0.048192771,0.222222222
1494,5976,4.611111111,0.048192771,0.222222222
324,356.4,4,0.030555556,0.122222222
2987,12545.4,3.551724138,0.040776699,0.144827586
1566,8456.4,4.833333333,0.062068966,0.3
1780,9790,4.45,0.061797753,0.275
2884,11536,3.678571429,0.038834951,0.142857143
2987,10454.5,3.551724138,0.033980583,0.120689655
2987,11350.6,3.551724138,0.036893204,0.131034483
1780,9790,4.45,0.061797753,0.275
324,356.4,4,0.030555556,0.122222222
2987,10454.5,3.551724138,0.033980583,0.120689655
2884,11536,3.678571429,0.038834951,0.142857143
1494,5976,4.611111111,0.048192771,0.222222222
952,5236,4.857142857,0.080882353,0.392857143
1780,9790,4.45,0.061797753,0.275
1780,9790,4.45,0.061797753,0.275
2987,12545.4,3.551724138,0.040776699,0.144827586
660,2640,4.583333333,0.072727273,0.333333333
1566,8456.4,4.833333333,0.062068966,0.3
1780,9790,4.45,0.061797753,0.275
1566,8456.4,4.833333333,0.062068966,0.3
1566,8456.4,4.833333333,0.062068966,0.3
2987,10454.5,3.551724138,0.033980583,0.120689655
660,2640,4.583333333,0.072727273,0.333333333
1780,9790,4.45,0.061797753,0.275
1780,9790,4.45,0.061797753,0.275
2987,10454.5,3.551724138,0.033980583,0.120689655
660,2640,4.583333333,0.072727273,0.333333333
2884,11536,3.678571429,0.038834951,0.142857143
2987,10454.5,3.551724138,0.033980583,0.120689655
952,5236,4.857142857,0.080882353,0.392857143
1780,9790,4.45,0.061797753,0.275
1566,8456.4,4.833333333,0.062068966,0.3
2124,8283.6,6.555555556,0.033050847,0.216666667
2987,12545.4,3.551724138,0.040776699,0.144827586
2124,8283.6,6.555555556,0.033050847,0.216666667
1494,5976,4.611111111,0.048192771,0.222222222
1780,9790,4.45,0.061797753,0.275
2987,11350.6,3.551724138,0.036893204,0.131034483
1780,9790,4.45,0.061797753,0.275
2987,10454.5,3.551724138,0.033980583,0.120689655
324,356.4,4,0.030555556,0.122222222
1494,5976,4.611111111,0.048192771,0.222222222
2987,10454.5,3.551724138,0.033980583,0.120689655
1780,9790,4.45,0.061797753,0.275
2987,11350.6,3.551724138,0.036893204,0.131034483
1780,9790,4.45,0.061797753,0.275
1566,8456.4,4.833333333,0.062068966,0.3
2987,12545.4,3.551724138,0.040776699,0.144827586
952,5236,4.857142857,0.080882353,0.392857143
1494,5976,4.611111111,0.048192771,0.222222222
1780,9790,4.45,0.061797753,0.275
1780,9790,4.45,0.061797753,0.275
2987,12545.4,3.551724138,0.040776699,0.144827586
1494,5976,4.611111111,0.048192771,0.222222222
1780,9790,4.45,0.061797753,0.275
324,356.4,4,0.030555556,0.122222222
952,5236,4.857142857,0.080882353,0.392857143
2884,11536,3.678571429,0.038834951,0.142857143
2987,10454.5,3.551724138,0.033980583,0.120689655
2987,12545.4,3.551724138,0.040776699,0.144827586
2987,11350.6,3.551724138,0.036893204,0.131034483
2987,10454.5,3.551724138,0.033980583,0.120689655
2987,10454.5,3.551724138,0.033980583,0.120689655
2987,11350.6,3.551724138,0.036893204,0.131034483
2987,10454.5,3.551724138,0.033980583,0.120689655
952,5236,4.857142857,0.080882353,0.392857143
2124,8283.6,6.555555556,0.033050847,0.216666667
2987,11350.6,3.551724138,0.036893204,0.131034483
1780,9790,4.45,0.061797753,0.275
2124,8283.6,6.555555556,0.033050847,0.216666667
1494,5976,4.611111111,0.048192771,0.222222222
660,2640,4.583333333,0.072727273,0.333333333
2124,8283.6,6.555555556,0.033050847,0.216666667
660,2640,4.583333333,0.072727273,0.333333333
660,2640,4.583333333,0.072727273,0.333333333
2987,11350.6,3.551724138,0.036893204,0.131034483
660,2640,4.583333333,0.072727273,0.333333333
2987,10454.5,3.551724138,0.033980583,0.120689655
2987,10454.5,3.551724138,0.033980583,0.120689655
1780,9790,4.45,0.061797753,0.275
2987,10454.5,3.551724138,0.033980583,0.120689655
1566,8456.4,4.833333333,0.062068966,0.3
2987,12545.4,3.551724138,0.040776699,0.144827586
2884,11536,3.678571429,0.038834951,0.142857143
1780,9790,4.45,0.061797753,0.275
1780,9790,4.45,0.061797753,0.275
2987,10454.5,3.551724138,0.033980583,0.120689655
660,2640,4.583333333,0.072727273,0.333333333
324,356.4,4,0.030555556,0.122222222
1494,5976,4.611111111,0.048192771,0.222222222
2884,11536,3.678571429,0.038834951,0.142857143
2987,12545.4,3.551724138,0.040776699,0.144827586
2987,12545.4,3.551724138,0.040776699,0.144827586
2987,10454.5,3.551724138,0.033980583,0.120689655
2884,11536,3.678571429,0.038834951,0.142857143
2124,8283.6,6.555555556,0.033050847,0.216666667
2884,11536,3.678571429,0.038834951,0.142857143
2987,10454.5,3.551724138,0.033980583,0.120689655
2987,11350.6,3.551724138,0.036893204,0.131034483
324,356.4,4,0.030555556,0.122222222
324,356.4,4,0.030555556,0.122222222
2987,12545.4,3.551724138,0.040776699,0.144827586
2987,12545.4,3.551724138,0.040776699,0.144827586
660,2640,4.583333333,0.072727273,0.333333333
1494,5976,4.611111111,0.048192771,0.222222222
2987,12545.4,3.551724138,0.040776699,0.144827586
1494,5976,4.611111111,0.048192771,0.222222222
2987,10454.5,3.551724138,0.033980583,0.120689655
2124,8283.6,6.555555556,0.033050847,0.216666667
2987,12545.4,3.551724138,0.040776699,0.144827586
2987,11350.6,3.551724138,0.036893204,0.131034483
324,356.4,4,0.030555556,0.122222222
2124,8283.6,6.555555556,0.033050847,0.216666667
1566,8456.4,4.833333333,0.062068966,0.3
1780,9790,4.45,0.061797753,0.275
2884,11536,3.678571429,0.038834951,0.142857143
1494,5976,4.611111111,0.048192771,0.222222222
952,5236,4.857142857,0.080882353,0.392857143
2987,10454.5,3.551724138,0.033980583,0.120689655
2987,10454.5,3.551724138,0.033980583,0.120689655
2124,8283.6,6.555555556,0.033050847,0.216666667
2987,11350.6,3.551724138,0.036893204,0.131034483
2884,11536,3.678571429,0.038834951,0.142857143
1780,9790,4.45,0.061797753,0.275
1566,8456.4,4.833333333,0.062068966,0.3
660,2640,4.583333333,0.072727273,0.333333333
2987,11350.6,3.551724138,0.036893204,0.131034483
2987,10454.5,3.551724138,0.033980583,0.120689655
2884,11536,3.678571429,0.038834951,0.142857143
1494,5976,4.611111111,0.048192771,0.222222222
324,356.4,4,0.030555556,0.122222222
2987,10454.5,3.551724138,0.033980583,0.120689655
324,356.4,4,0.030555556,0.122222222
1566,8456.4,4.833333333,0.062068966,0.3
1780,9790,4.45,0.061797753,0.275
660,2640,4.583333333,0.072727273,0.333333333
2987,10454.5,3.551724138,0.033980583,0.120689655
952,5236,4.857142857,0.080882353,0.392857143
2987,10454.5,3.551724138,0.033980583,0.120689655
324,356.4,4,0.030555556,0.122222222
2987,12545.4,3.551724138,0.040776699,0.144827586
2884,11536,3.678571429,0.038834951,0.142857143
2987,11350.6,3.551724138,0.036893204,0.131034483
660,2640,4.583333333,0.072727273,0.333333333
2987,12545.4,3.551724138,0.040776699,0.144827586
952,5236,4.857142857,0.080882353,0.392857143
1780,9790,4.45,0.061797753,0.275
660,2640,4.583333333,0.072727273,0.333333333
660,2640,4.583333333,0.072727273,0.333333333
324,356.4,4,0.030555556,0.122222222
660,2640,4.583333333,0.072727273,0.333333333
2987,11350.6,3.551724138,0.036893204,0.131034483
324,356.4,4,0.030555556,0.122222222
2987,10454.5,3.551724138,0.033980583,0.120689655
660,2640,4.583333333,0.072727273,0.333333333
2987,12545.4,3.551724138,0.040776699,0.144827586
2987,12545.4,3.551724138,0.040776699,0.144827586
1566,8456.4,4.833333333,0.062068966,0.3
2987,10454.5,3.551724138,0.033980583,0.120689655
2124,8283.6,6.555555556,0.033050847,0.216666667
324,356.4,4,0.030555556,0.122222222
1566,8456.4,4.833333333,0.062068966,0.3
2987,10454.5,3.551724138,0.033980583,0.120689655
2124,8283.6,6.555555556,0.033050847,0.216666667
952,5236,4.857142857,0.080882353,0.392857143
2987,10454.5,3.551724138,0.033980583,0.120689655
1494,5976,4.611111111,0.048192771,0.222222222
2124,8283.6,6.555555556,0.033050847,0.216666667
2987,11350.6,3.551724138,0.036893204,0.131034483
2987,10454.5,3.551724138,0.033980583,0.120689655
1780,9790,4.45,0.061797753,0.275
2987,11350.6,3.551724138,0.036893204,0.131034483
952,5236,4.857142857,0.080882353,0.392857143
1780,9790,4.45,0.061797753,0.275
2987,11350.6,3.551724138,0.036893204,0.131034483
2884,11536,3.678571429,0.038834951,0.142857143
2987,10454.5,3.551724138,0.033980583,0.120689655
1566,8456.4,4.833333333,0.062068966,0.3
324,356.4,4,0.030555556,0.122222222
2124,8283.6,6.555555556,0.033050847,0.216666667
1780,9790,4.45,0.061797753,0.275
1494,5976,4.611111111,0.048192771,0.222222222
2987,10454.5,3.551724138,0.033980583,0.120689655
1566,8456.4,4.833333333,0.062068966,0.3
1566,8456.4,4.833333333,0.062068966,0.3
1780,9790,4.45,0.061797753,0.275
952,5236,4.857142857,0.080882353,0.392857143
2987,11350.6,3.551724138,0.036893204,0.131034483
2124,8283.6,6.555555556,0.033050847,0.216666667
2987,10454.5,3.551724138,0.033980583,0.120689655
1780,9790,4.45,0.061797753,0.275
1494,5976,4.611111111,0.048192771,0.222222222
2884,11536,3.678571429,0.038834951,0.142857143
1566,8456.4,4.833333333,0.062068966,0.3
2987,12545.4,3.551724138,0.040776699,0.144827586
2124,8283.6,6.555555556,0.033050847,0.216666667
2124,8283.6,6.555555556,0.033050847,0.216666667
2987,11350.6,3.551724138,0.036893204,0.131034483
660,2640,4.583333333,0.072727273,0.333333333
2987,11350.6,3.551724138,0.036893204,0.131034483
1566,8456.4,4.833333333,0.062068966,0.3
1780,9790,4.45,0.061797753,0.275
2987,11350.6,3.551724138,0.036893204,0.131034483
1780,9790,4.45,0.061797753,0.275
2884,11536,3.678571429,0.038834951,0.142857143
1566,8456.4,4.833333333,0.062068966,0.3
1494,5976,4.611111111,0.048192771,0.222222222
324,356.4,4,0.030555556,0.122222222
2884,11536,3.678571429,0.038834951,0.142857143
2987,11350.6,3.551724138,0.036893204,0.131034483
2987,10454.5,3.551724138,0.033980583,0.120689655
324,356.4,4,0.030555556,0.122222222
2884,11536,3.678571429,0.038834951,0.142857143
1780,9790,4.45,0.061797753,0.275
660,2640,4.583333333,0.072727273,0.333333333
2987,11350.6,3.551724138,0.036893204,0.131034483
1494,5976,4.611111111,0.048192771,0.222222222
660,2640,4.583333333,0.072727273,0.333333333
2987,10454.5,3.551724138,0.033980583,0.120689655
660,2640,4.583333333,0.072727273,0.333333333
2987,11350.6,3.551724138,0.036893204,0.131034483
1566,8456.4,4.833333333,0.062068966,0.3
2987,10454.5,3.551724138,0.033980583,0.120689655
1494,5976,4.611111111,0.048192771,0.222222222
2987,10454.5,3.551724138,0.033980583,0.120689655
1566,8456.4,4.833333333,0.062068966,0.3
952,5236,4.857142857,0.080882353,0.392857143
2124,8283.6,6.555555556,0.033050847,0.216666667
2884,11536,3.678571429,0.038834951,0.142857143
2987,11350.6,3.551724138,0.036893204,0.131034483
2987,12545.4,3.551724138,0.040776699,0.144827586
2987,11350.6,3.551724138,0.036893204,0.131034483
2987,11350.6,3.551724138,0.036893204,0.131034483
2987,12545.4,3.551724138,0.040776699,0.144827586
1780,9790,4.45,0.061797753,0.275
1494,5976,4.611111111,0.048192771,0.222222222
324,356.4,4,0.030555556,0.122222222
1566,8456.4,4.833333333,0.062068966,0.3
2987,10454.5,3.551724138,0.033980583,0.120689655
2124,8283.6,6.555555556,0.033050847,0.216666667
1780,9790,4.45,0.061797753,0.275
324,356.4,4,0.030555556,0.122222222
1566,8456.4,4.833333333,0.062068966,0.3
2987,10454.5,3.551724138,0.033980583,0.120689655
2987,11350.6,3.551724138,0.036893204,0.131034483
952,5236,4.857142857,0.080882353,0.392857143
2987,10454.5,3.551724138,0.033980583,0.120689655
1494,5976,4.611111111,0.048192771,0.222222222
2987,11350.6,3.551724138,0.036893204,0.131034483
660,2640,4.583333333,0.072727273,0.333333333
2987,10454.5,3.551724138,0.033980583,0.120689655
1494,5976,4.611111111,0.048192771,0.222222222
1780,9790,4.45,0.061797753,0.275
1566,8456.4,4.833333333,0.062068966,0.3
2987,10454.5,3.551724138,0.033980583,0.120689655
2987,10454.5,3.551724138,0.033980583,0.120689655
2987,11350.6,3.551724138,0.036893204,0.131034483
660,2640,4.583333333,0.072727273,0.333333333
2987,10454.5,3.551724138,0.033980583,0.120689655
1494,5976,4.611111111,0.048192771,0.222222222
952,5236,4.857142857,0.080882353,0.392857143
324,356.4,4,0.030555556,0.122222222
2124,8283.6,6.555555556,0.033050847,0.216666667
2987,11350.6,3.551724138,0.036893204,0.131034483
1566,8456.4,4.833333333,0.062068966,0.3
1566,8456.4,4.833333333,0.062068966,0.3
2987,12545.4,3.551724138,0.040776699,0.144827586
2124,8283.6,6.555555556,0.033050847,0.216666667
2987,11350.6,3.551724138,0.036893204,0.131034483
2987,12545.4,3.551724138,0.040776699,0.144827586
2124,8283.6,6.555555556,0.033050847,0.216666667
952,5236,4.857142857,0.080882353,0.392857143
952,5236,4.857142857,0.080882353,0.392857143
1494,5976,4.611111111,0.048192771,0.222222222
324,356.4,4,0.030555556,0.122222222
2987,10454.5,3.551724138,0.033980583,0.120689655
660,2640,4.583333333,0.072727273,0.333333333
1566,8456.4,4.833333333,0.062068966,0.3
1494,5976,4.611111111,0.048192771,0.222222222
1566,8456.4,4.833333333,0.062068966,0.3
1566,8456.4,4.833333333,0.062068966,0.3
660,2640,4.583333333,0.072727273,0.333333333
952,5236,4.857142857,0.080882353,0.392857143
324,356.4,4,0.030555556,0.122222222
2884,11536,3.678571429,0.038834951,0.142857143
952,5236,4.857142857,0.080882353,0.392857143
660,2640,4.583333333,0.072727273,0.333333333
2987,10454.5,3.551724138,0.033980583,0.120689655
660,2640,4.583333333,0.072727273,0.333333333
952,5236,4.857142857,0.080882353,0.392857143
1780,9790,4.45,0.061797753,0.275
2987,10454.5,3.551724138,0.033980583,0.120689655
1494,5976,4.611111111,0.048192771,0.222222222
1566,8456.4,4.833333333,0.062068966,0.3
2987,10454.5,3.551724138,0.033980583,0.120689655
1566,8456.4,4.833333333,0.062068966,0.3
952,5236,4.857142857,0.080882353,0.392857143
660,2640,4.583333333,0.072727273,0.333333333
952,5236,4.857142857,0.080882353,0.392857143
660,2640,4.583333333,0.072727273,0.333333333
2124,8283.6,6.555555556,0.033050847,0.216666667
2884,11536,3.678571429,0.038834951,0.142857143
2124,8283.6,6.555555556,0.033050847,0.216666667
2987,12545.4,3.551724138,0.040776699,0.144827586
952,5236,4.857142857,0.080882353,0.392857143
2124,8283.6,6.555555556,0.033050847,0.216666667
952,5236,4.857142857,0.080882353,0.392857143
1780,9790,4.45,0.061797753,0.275
2987,10454.5,3.551724138,0.033980583,0.120689655
324,356.4,4,0.030555556,0.122222222
1494,5976,4.611111111,0.048192771,0.222222222
2987,10454.5,3.551724138,0.033980583,0.120689655
2987,12545.4,3.551724138,0.040776699,0.144827586
1566,8456.4,4.833333333,0.062068966,0.3
660,2640,4.583333333,0.072727273,0.333333333
2987,10454.5,3.551724138,0.033980583,0.120689655
1566,8456.4,4.833333333,0.062068966,0.3
2987,10454.5,3.551724138,0.033980583,0.120689655
2987,10454.5,3.551724138,0.033980583,0.120689655
660,2640,4.583333333,0.072727273,0.333333333
2987,10454.5,3.551724138,0.033980583,0.120689655
2987,10454.5,3.551724138,0.033980583,0.120689655
2987,12545.4,3.551724138,0.040776699,0.144827586
1494,5976,4.611111111,0.048192771,0.222222222
2987,10454.5,3.551724138,0.033980583,0.120689655
1780,9790,4.45,0.061797753,0.275
2987,12545.4,3.551724138,0.040776699,0.144827586
952,5236,4.857142857,0.080882353,0.392857143
1780,9790,4.45,0.061797753,0.275
2124,8283.6,6.555555556,0.033050847,0.216666667
2987,10454.5,3.551724138,0.033980583,0.120689655
660,2640,4.583333333,0.072727273,0.333333333
1780,9790,4.45,0.061797753,0.275
324,356.4,4,0.030555556,0.122222222
2987,12545.4,3.551724138,0.040776699,0.144827586
1566,8456.4,4.833333333,0.062068966,0.3
324,356.4,4,0.030555556,0.122222222
1494,5976,4.611111111,0.048192771,0.222222222
2884,11536,3.678571429,0.038834951,0.142857143
2987,11350.6,3.551724138,0.036893204,0.131034483
2987,10454.5,3.551724138,0.033980583,0.120689655
2987,10454.5,3.551724138,0.033980583,0.120689655
660,2640,4.583333333,0.072727273,0.333333333
1780,9790,4.45,0.061797753,0.275
2987,10454.5,3.551724138,0.033980583,0.120689655
1494,5976,4.611111111,0.048192771,0.222222222
2987,10454.5,3.551724138,0.033980583,0.120689655
952,5236,4.857142857,0.080882353,0.392857143
2987,10454.5,3.551724138,0.033980583,0.120689655
2987,10454.5,3.551724138,0.033980583,0.120689655
1494,5976,4.611111111,0.048192771,0.222222222
660,2640,4.583333333,0.072727273,0.333333333
2987,10454.5,3.551724138,0.033980583,0.120689655
660,2640,4.583333333,0.072727273,0.333333333
1780,9790,4.45,0.061797753,0.275
2987,11350.6,3.551724138,0.036893204,0.131034483
2987,10454.5,3.551724138,0.033980583,0.120689655
1494,5976,4.611111111,0.048192771,0.222222222
2987,12545.4,3.551724138,0.040776699,0.144827586
1566,8456.4,4.833333333,0.062068966,0.3
2987,10454.5,3.551724138,0.033980583,0.120689655
2987,12545.4,3.551724138,0.040776699,0.144827586
2124,8283.6,6.555555556,0.033050847,0.216666667
2987,10454.5,3.551724138,0.033980583,0.120689655
2987,11350.6,3.551724138,0.036893204,0.131034483
2884,11536,3.678571429,0.038834951,0.142857143
1494,5976,4.611111111,0.048192771,0.222222222
2124,8283.6,6.555555556,0.033050847,0.216666667
1780,9790,4.45,0.061797753,0.275
2987,10454.5,3.551724138,0.033980583,0.120689655
2124,8283.6,6.555555556,0.033050847,0.216666667
2987,10454.5,3.551724138,0.033980583,0.120689655
2987,12545.4,3.551724138,0.040776699,0.144827586
324,356.4,4,0.030555556,0.122222222
324,356.4,4,0.030555556,0.122222222
1780,9790,4.45,0.061797753,0.275
1566,8456.4,4.833333333,0.062068966,0.3
2987,10454.5,3.551724138,0.033980583,0.120689655
2987,11350.6,3.551724138,0.036893204,0.131034483
2987,11350.6,3.551724138,0.036893204,0.131034483
1494,5976,4.611111111,0.048192771,0.222222222
1780,9790,4.45,0.061797753,0.275
1494,5976,4.611111111,0.048192771,0.222222222
1566,8456.4,4.833333333,0.062068966,0.3
660,2640,4.583333333,0.072727273,0.333333333
1566,8456.4,4.833333333,0.062068966,0.3
952,5236,4.857142857,0.080882353,0.392857143
324,356.4,4,0.030555556,0.122222222
952,5236,4.857142857,0.080882353,0.392857143
1566,8456.4,4.833333333,0.062068966,0.3
1566,8456.4,4.833333333,0.062068966,0.3
2884,11536,3.678571429,0.038834951,0.142857143
2987,12545.4,3.551724138,0.040776699,0.144827586
1780,9790,4.45,0.061797753,0.275
324,356.4,4,0.030555556,0.122222222
1780,9790,4.45,0.061797753,0.275
660,2640,4.583333333,0.072727273,0.333333333
660,2640,4.583333333,0.072727273,0.333333333
2884,11536,3.678571429,0.038834951,0.142857143
324,356.4,4,0.030555556,0.122222222
1566,8456.4,4.833333333,0.062068966,0.3
660,2640,4.583333333,0.072727273,0.333333333
2124,8283.6,6.555555556,0.033050847,0.216666667
1566,8456.4,4.833333333,0.062068966,0.3
1494,5976,4.611111111,0.048192771,0.222222222
952,5236,4.857142857,0.080882353,0.392857143
324,356.4,4,0.030555556,0.122222222
1780,9790,4.45,0.061797753,0.275
2124,8283.6,6.555555556,0.033050847,0.216666667
2987,12545.4,3.551724138,0.040776699,0.144827586
660,2640,4.583333333,0.072727273,0.333333333
952,5236,4.857142857,0.080882353,0.392857143
2987,12545.4,3.551724138,0.040776699,0.144827586
1780,9790,4.45,0.061797753,0.275
2987,10454.5,3.551724138,0.033980583,0.120689655
952,5236,4.857142857,0.080882353,0.392857143
2987,10454.5,3.551724138,0.033980583,0.120689655
1566,8456.4,4.833333333,0.062068966,0.3
1494,5976,4.611111111,0.048192771,0.222222222
2987,11350.6,3.551724138,0.036893204,0.131034483
2987,10454.5,3.551724138,0.033980583,0.120689655
660,2640,4.583333333,0.072727273,0.333333333
660,2640,4.583333333,0.072727273,0.333333333
1780,9790,4.45,0.061797753,0.275
2987,10454.5,3.551724138,0.033980583,0.120689655
2987,11350.6,3.551724138,0.036893204,0.131034483
1566,8456.4,4.833333333,0.062068966,0.3
2124,8283.6,6.555555556,0.033050847,0.216666667
2124,8283.6,6.555555556,0.033050847,0.216666667
1494,5976,4.611111111,0.048192771,0.222222222
952,5236,4.857142857,0.080882353,0.392857143
324,356.4,4,0.030555556,0.122222222
324,356.4,4,0.030555556,0.122222222
952,5236,4.857142857,0.080882353,0.392857143
324,356.4,4,0.030555556,0.122222222
660,2640,4.583333333,0.072727273,0.333333333
1494,5976,4.611111111,0.048192771,0.222222222
1494,5976,4.611111111,0.048192771,0.222222222
2884,11536,3.678571429,0.038834951,0.142857143
1780,9790,4.45,0.061797753,0.275
1494,5976,4.611111111,0.048192771,0.222222222
660,2640,4.583333333,0.072727273,0.333333333
952,5236,4.857142857,0.080882353,0.392857143
2124,8283.6,6.555555556,0.033050847,0.216666667
324,356.4,4,0.030555556,0.122222222
2987,12545.4,3.551724138,0.040776699,0.144827586
2884,11536,3.678571429,0.038834951,0.142857143
660,2640,4.583333333,0.072727273,0.333333333
952,5236,4.857142857,0.080882353,0.392857143
2987,10454.5,3.551724138,0.033980583,0.120689655
1780,9790,4.45,0.061797753,0.275
2124,8283.6,6.555555556,0.033050847,0.216666667
1566,8456.4,4.833333333,0.062068966,0.3
2987,12545.4,3.551724138,0.040776699,0.144827586
2124,8283.6,6.555555556,0.033050847,0.216666667
660,2640,4.583333333,0.072727273,0.333333333
1780,9790,4.45,0.061797753,0.275
2124,8283.6,6.555555556,0.033050847,0.216666667
2987,11350.6,3.551724138,0.036893204,0.131034483
1780,9790,4.45,0.061797753,0.275
660,2640,4.583333333,0.072727273,0.333333333
660,2640,4.583333333,0.072727273,0.333333333
1494,5976,4.611111111,0.048192771,0.222222222
952,5236,4.857142857,0.080882353,0.392857143
2987,11350.6,3.551724138,0.036893204,0.131034483
2987,11350.6,3.551724138,0.036893204,0.131034483
952,5236,4.857142857,0.080882353,0.392857143
1566,8456.4,4.833333333,0.062068966,0.3
2987,10454.5,3.551724138,0.033980583,0.120689655
1780,9790,4.45,0.061797753,0.275
1494,5976,4.611111111,0.048192771,0.222222222
2124,8283.6,6.555555556,0.033050847,0.216666667
1566,8456.4,4.833333333,0.062068966,0.3
2987,11350.6,3.551724138,0.036893204,0.131034483
2987,10454.5,3.551724138,0.033980583,0.120689655
2124,8283.6,6.555555556,0.033050847,0.216666667
2987,10454.5,3.551724138,0.033980583,0.120689655
1780,9790,4.45,0.061797753,0.275
1780,9790,4.45,0.061797753,0.275
1780,9790,4.45,0.061797753,0.275
660,2640,4.583333333,0.072727273,0.333333333
2987,10454.5,3.551724138,0.033980583,0.120689655
952,5236,4.857142857,0.080882353,0.392857143
952,5236,4.857142857,0.080882353,0.392857143
2124,8283.6,6.555555556,0.033050847,0.216666667
2987,12545.4,3.551724138,0.040776699,0.144827586
952,5236,4.857142857,0.080882353,0.392857143
1566,8456.4,4.833333333,0.062068966,0.3
2987,12545.4,3.551724138,0.040776699,0.144827586
1780,9790,4.45,0.061797753,0.275
2124,8283.6,6.555555556,0.033050847,0.216666667
2987,10454.5,3.551724138,0.033980583,0.120689655
2884,11536,3.678571429,0.038834951,0.142857143
1780,9790,4.45,0.061797753,0.275
2987,10454.5,3.551724138,0.033980583,0.120689655
1494,5976,4.611111111,0.048192771,0.222222222
2987,12545.4,3.551724138,0.040776699,0.144827586
1780,9790,4.45,0.061797753,0.275
952,5236,4.857142857,0.080882353,0.392857143
1780,9790,4.45,0.061797753,0.275
2124,8283.6,6.555555556,0.033050847,0.216666667
2987,10454.5,3.551724138,0.033980583,0.120689655
1566,8456.4,4.833333333,0.062068966,0.3
2987,11350.6,3.551724138,0.036893204,0.131034483
1780,9790,4.45,0.061797753,0.275
324,356.4,4,0.030555556,0.122222222
1494,5976,4.611111111,0.048192771,0.222222222
1780,9790,4.45,0.061797753,0.275
2987,11350.6,3.551724138,0.036893204,0.131034483
1566,8456.4,4.833333333,0.062068966,0.3
2987,12545.4,3.551724138,0.040776699,0.144827586
2884,11536,3.678571429,0.038834951,0.142857143
2987,12545.4,3.551724138,0.040776699,0.144827586
1494,5976,4.611111111,0.048192771,0.222222222
324,356.4,4,0.030555556,0.122222222
2124,8283.6,6.555555556,0.033050847,0.216666667
2987,10454.5,3.551724138,0.033980583,0.120689655
952,5236,4.857142857,0.080882353,0.392857143
2884,11536,3.678571429,0.038834951,0.142857143
2987,11350.6,3.551724138,0.036893204,0.131034483
2987,11350.6,3.551724138,0.036893204,0.131034483
2987,12545.4,3.551724138,0.040776699,0.144827586
2884,11536,3.678571429,0.038834951,0.142857143
2124,8283.6,6.555555556,0.033050847,0.216666667
1494,5976,4.611111111,0.048192771,0.222222222
2124,8283.6,6.555555556,0.033050847,0.216666667
1494,5976,4.611111111,0.048192771,0.222222222
660,2640,4.583333333,0.072727273,0.333333333
2124,8283.6,6.555555556,0.033050847,0.216666667
2124,8283.6,6.555555556,0.033050847,0.216666667
2987,12545.4,3.551724138,0.040776699,0.144827586
2987,10454.5,3.551724138,0.033980583,0.120689655
2987,11350.6,3.551724138,0.036893204,0.131034483
1494,5976,4.611111111,0.048192771,0.222222222
1494,5976,4.611111111,0.048192771,0.222222222
2987,11350.6,3.551724138,0.036893204,0.131034483
2987,12545.4,3.551724138,0.040776699,0.144827586
2124,8283.6,6.555555556,0.033050847,0.216666667
1780,9790,4.45,0.061797753,0.275
2987,12545.4,3.551724138,0.040776699,0.144827586
2987,10454.5,3.551724138,0.033980583,0.120689655
324,356.4,4,0.030555556,0.122222222
1780,9790,4.45,0.061797753,0.275
2987,10454.5,3.551724138,0.033980583,0.120689655
2124,8283.6,6.555555556,0.033050847,0.216666667
660,2640,4.583333333,0.072727273,0.333333333
660,2640,4.583333333,0.072727273,0.333333333
1566,8456.4,4.833333333,0.062068966,0.3
2987,11350.6,3.551724138,0.036893204,0.131034483
1780,9790,4.45,0.061797753,0.275
1494,5976,4.611111111,0.048192771,0.222222222
952,5236,4.857142857,0.080882353,0.392857143
1780,9790,4.45,0.061797753,0.275
2124,8283.6,6.555555556,0.033050847,0.216666667
2124,8283.6,6.555555556,0.033050847,0.216666667
1780,9790,4.45,0.061797753,0.275
2987,11350.6,3.551724138,0.036893204,0.131034483
660,2640,4.583333333,0.072727273,0.333333333
324,356.4,4,0.030555556,0.122222222
1780,9790,4.45,0.061797753,0.275
324,356.4,4,0.030555556,0.122222222
1494,5976,4.611111111,0.048192771,0.222222222
2987,11350.6,3.551724138,0.036893204,0.131034483
952,5236,4.857142857,0.080882353,0.392857143
2124,8283.6,6.555555556,0.033050847,0.216666667
2987,10454.5,3.551724138,0.033980583,0.120689655
660,2640,4.583333333,0.072727273,0.333333333
2987,10454.5,3.551724138,0.033980583,0.120689655
1494,5976,4.611111111,0.048192771,0.222222222
2987,12545.4,3.551724138,0.040776699,0.144827586
660,2640,4.583333333,0.072727273,0.333333333
1566,8456.4,4.833333333,0.062068966,0.3
1566,8456.4,4.833333333,0.062068966,0.3
1780,9790,4.45,0.061797753,0.275
2987,11350.6,3.551724138,0.036893204,0.131034483
324,356.4,4,0.030555556,0.122222222
660,2640,4.583333333,0.072727273,0.333333333
1494,5976,4.611111111,0.048192771,0.222222222
2987,10454.5,3.551724138,0.033980583,0.120689655
1566,8456.4,4.833333333,0.062068966,0.3
2987,10454.5,3.551724138,0.033980583,0.120689655
1494,5976,4.611111111,0.048192771,0.222222222
1780,9790,4.45,0.061797753,0.275
2884,11536,3.678571429,0.038834951,0.142857143
1780,9790,4.45,0.061797753,0.275
660,2640,4.583333333,0.072727273,0.333333333
324,356.4,4,0.030555556,0.122222222
2987,10454.5,3.551724138,0.033980583,0.120689655
660,2640,4.583333333,0.072727273,0.333333333
1566,8456.4,4.833333333,0.062068966,0.3
2987,12545.4,3.551724138,0.040776699,0.144827586
660,2640,4.583333333,0.072727273,0.333333333
660,2640,4.583333333,0.072727273,0.333333333
2987,11350.6,3.551724138,0.036893204,0.131034483
324,356.4,4,0.030555556,0.122222222
2987,12545.4,3.551724138,0.040776699,0.144827586
1780,9790,4.45,0.061797753,0.275
1494,5976,4.611111111,0.048192771,0.222222222
2124,8283.6,6.555555556,0.033050847,0.216666667
1566,8456.4,4.833333333,0.062068966,0.3
660,2640,4.583333333,0.072727273,0.333333333
1566,8456.4,4.833333333,0.062068966,0.3
1566,8456.4,4.833333333,0.062068966,0.3
1494,5976,4.611111111,0.048192771,0.222222222
2884,11536,3.678571429,0.038834951,0.142857143
2884,11536,3.678571429,0.038834951,0.142857143
1566,8456.4,4.833333333,0.062068966,0.3
952,5236,4.857142857,0.080882353,0.392857143
952,5236,4.857142857,0.080882353,0.392857143
2987,11350.6,3.551724138,0.036893204,0.131034483
324,356.4,4,0.030555556,0.122222222
1566,8456.4,4.833333333,0.062068966,0.3
2987,11350.6,3.551724138,0.036893204,0.131034483
2987,11350.6,3.551724138,0.036893204,0.131034483
2987,10454.5,3.551724138,0.033980583,0.120689655
2987,11350.6,3.551724138,0.036893204,0.131034483
324,356.4,4,0.030555556,0.122222222
660,2640,4.583333333,0.072727273,0.333333333
1780,9790,4.45,0.061797753,0.275
1780,9790,4.45,0.061797753,0.275
660,2640,4.583333333,0.072727273,0.333333333
2987,12545.4,3.551724138,0.040776699,0.144827586
2884,11536,3.678571429,0.038834951,0.142857143
2987,10454.5,3.551724138,0.033980583,0.120689655
1780,9790,4.45,0.061797753,0.275
324,356.4,4,0.030555556,0.122222222
2884,11536,3.678571429,0.038834951,0.142857143
1566,8456.4,4.833333333,0.062068966,0.3
1780,9790,4.45,0.061797753,0.275
2987,10454.5,3.551724138,0.033980583,0.120689655
324,356.4,4,0.030555556,0.122222222
1566,8456.4,4.833333333,0.062068966,0.3
2987,10454.5,3.551724138,0.033980583,0.120689655
1780,9790,4.45,0.061797753,0.275
1780,9790,4.45,0.061797753,0.275
1494,5976,4.611111111,0.048192771,0.222222222
2884,11536,3.678571429,0.038834951,0.142857143
1780,9790,4.45,0.061797753,0.275
2124,8283.6,6.555555556,0.033050847,0.216666667
1566,8456.4,4.833333333,0.062068966,0.3
1494,5976,4.611111111,0.048192771,0.222222222
2124,8283.6,6.555555556,0.033050847,0.216666667
2124,8283.6,6.555555556,0.033050847,0.216666667
2884,11536,3.678571429,0.038834951,0.142857143
1566,8456.4,4.833333333,0.062068966,0.3
2987,12545.4,3.551724138,0.040776699,0.144827586
2124,8283.6,6.555555556,0.033050847,0.216666667
952,5236,4.857142857,0.080882353,0.392857143
1780,9790,4.45,0.061797753,0.275
2987,10454.5,3.551724138,0.033980583,0.120689655
2124,8283.6,6.555555556,0.033050847,0.216666667
1780,9790,4.45,0.061797753,0.275
2987,11350.6,3.551724138,0.036893204,0.131034483
2987,10454.5,3.551724138,0.033980583,0.120689655
660,2640,4.583333333,0.072727273,0.333333333
660,2640,4.583333333,0.072727273,0.333333333
1566,8456.4,4.833333333,0.062068966,0.3
2987,12545.4,3.551724138,0.040776699,0.144827586
2987,10454.5,3.551724138,0.033980583,0.120689655
952,5236,4.857142857,0.080882353,0.392857143
1494,5976,4.611111111,0.048192771,0.222222222
1566,8456.4,4.833333333,0.062068966,0.3
1566,8456.4,4.833333333,0.062068966,0.3
952,5236,4.857142857,0.080882353,0.392857143
2987,12545.4,3.551724138,0.040776699,0.144827586
1780,9790,4.45,0.061797753,0.275
2987,10454.5,3.551724138,0.033980583,0.120689655
1494,5976,4.611111111,0.048192771,0.222222222
2987,10454.5,3.551724138,0.033980583,0.120689655
2987,11350.6,3.551724138,0.036893204,0.131034483
1780,9790,4.45,0.061797753,0.275
2987,10454.5,3.551724138,0.033980583,0.120689655
2124,8283.6,6.555555556,0.033050847,0.216666667
2987,11350.6,3.551724138,0.036893204,0.131034483
2884,11536,3.678571429,0.038834951,0.142857143
2987,11350.6,3.551724138,0.036893204,0.131034483
1780,9790,4.45,0.061797753,0.275
1494,5976,4.611111111,0.048192771,0.222222222
1494,5976,4.611111111,0.048192771,0.222222222
2987,12545.4,3.551724138,0.040776699,0.144827586
2987,10454.5,3.551724138,0.033980583,0.120689655
2124,8283.6,6.555555556,0.033050847,0.216666667
660,2640,4.583333333,0.072727273,0.333333333
2124,8283.6,6.555555556,0.033050847,0.216666667
952,5236,4.857142857,0.080882353,0.392857143
2987,10454.5,3.551724138,0.033980583,0.120689655
660,2640,4.583333333,0.072727273,0.333333333
2124,8283.6,6.555555556,0.033050847,0.216666667
2884,11536,3.678571429,0.038834951,0.142857143
952,5236,4.857142857,0.080882353,0.392857143
2987,11350.6,3.551724138,0.036893204,0.131034483
2124,8283.6,6.555555556,0.033050847,0.216666667
2124,8283.6,6.555555556,0.033050847,0.216666667
952,5236,4.857142857,0.080882353,0.392857143
2987,11350.6,3.551724138,0.036893204,0.131034483
2124,8283.6,6.555555556,0.033050847,0.216666667
2124,8283.6,6.555555556,0.033050847,0.216666667
2987,12545.4,3.551724138,0.040776699,0.144827586
1494,5976,4.611111111,0.048192771,0.222222222
2884,11536,3.678571429,0.038834951,0.142857143
1780,9790,4.45,0.061797753,0.275
2124,8283.6,6.555555556,0.033050847,0.216666667
2987,12545.4,3.551724138,0.040776699,0.144827586
2987,10454.5,3.551724138,0.033980583,0.120689655
2987,12545.4,3.551724138,0.040776699,0.144827586
324,356.4,4,0.030555556,0.122222222
324,356.4,4,0.030555556,0.122222222
1566,8456.4,4.833333333,0.062068966,0.3
2987,10454.5,3.551724138,0.033980583,0.120689655
2124,8283.6,6.555555556,0.033050847,0.216666667
1780,9790,4.45,0.061797753,0.275
2124,8283.6,6.555555556,0.033050847,0.216666667
2987,10454.5,3.551724138,0.033980583,0.120689655
1780,9790,4.45,0.061797753,0.275
2987,10454.5,3.551724138,0.033980583,0.120689655
324,356.4,4,0.030555556,0.122222222
2987,12545.4,3.551724138,0.040776699,0.144827586
2987,12545.4,3.551724138,0.040776699,0.144827586
324,356.4,4,0.030555556,0.122222222
324,356.4,4,0.030555556,0.122222222
1566,8456.4,4.833333333,0.062068966,0.3
2884,11536,3.678571429,0.038834951,0.142857143
2987,12545.4,3.551724138,0.040776699,0.144827586
1780,9790,4.45,0.061797753,0.275
1566,8456.4,4.833333333,0.062068966,0.3
1566,8456.4,4.833333333,0.062068966,0.3
324,356.4,4,0.030555556,0.122222222
2987,10454.5,3.551724138,0.033980583,0.120689655
1494,5976,4.611111111,0.048192771,0.222222222
1780,9790,4.45,0.061797753,0.275
952,5236,4.857142857,0.080882353,0.392857143
2987,10454.5,3.551724138,0.033980583,0.120689655
1780,9790,4.45,0.061797753,0.275
2987,10454.5,3.551724138,0.033980583,0.120689655
1780,9790,4.45,0.061797753,0.275
2987,10454.5,3.551724138,0.033980583,0.120689655
1780,9790,4.45,0.061797753,0.275
2987,10454.5,3.551724138,0.033980583,0.120689655
324,356.4,4,0.030555556,0.122222222
2987,12545.4,3.551724138,0.040776699,0.144827586
1780,9790,4.45,0.061797753,0.275
660,2640,4.583333333,0.072727273,0.333333333
2987,10454.5,3.551724138,0.033980583,0.120689655
660,2640,4.583333333,0.072727273,0.333333333
2987,11350.6,3.551724138,0.036893204,0.131034483
2987,12545.4,3.551724138,0.040776699,0.144827586
324,356.4,4,0.030555556,0.122222222
2987,11350.6,3.551724138,0.036893204,0.131034483
1566,8456.4,4.833333333,0.062068966,0.3
2987,10454.5,3.551724138,0.033980583,0.120689655
1566,8456.4,4.833333333,0.062068966,0.3
2884,11536,3.678571429,0.038834951,0.142857143
2987,12545.4,3.551724138,0.040776699,0.144827586
2987,12545.4,3.551724138,0.040776699,0.144827586
1494,5976,4.611111111,0.048192771,0.222222222
1566,8456.4,4.833333333,0.062068966,0.3
2987,12545.4,3.551724138,0.040776699,0.144827586
660,2640,4.583333333,0.072727273,0.333333333
2987,10454.5,3.551724138,0.033980583,0.120689655
1494,5976,4.611111111,0.048192771,0.222222222
1566,8456.4,4.833333333,0.062068966,0.3
660,2640,4.583333333,0.072727273,0.333333333
2124,8283.6,6.555555556,0.033050847,0.216666667
1494,5976,4.611111111,0.048192771,0.222222222
2987,11350.6,3.551724138,0.036893204,0.131034483
2124,8283.6,6.555555556,0.033050847,0.216666667
2987,12545.4,3.551724138,0.040776699,0.144827586
2884,11536,3.678571429,0.038834951,0.142857143
1780,9790,4.45,0.061797753,0.275
1566,8456.4,4.833333333,0.062068966,0.3
2124,8283.6,6.555555556,0.033050847,0.216666667
2987,11350.6,3.551724138,0.036893204,0.131034483
2884,11536,3.678571429,0.038834951,0.142857143
2124,8283.6,6.555555556,0.033050847,0.216666667
1566,8456.4,4.833333333,0.062068966,0.3
324,356.4,4,0.030555556,0.122222222
1566,8456.4,4.833333333,0.062068966,0.3
2987,11350.6,3.551724138,0.036893204,0.131034483
2987,10454.5,3.551724138,0.033980583,0.120689655
1494,5976,4.611111111,0.048192771,0.222222222
2987,10454.5,3.551724138,0.033980583,0.120689655
1780,9790,4.45,0.061797753,0.275
1566,8456.4,4.833333333,0.062068966,0.3
2987,12545.4,3.551724138,0.040776699,0.144827586
2987,11350.6,3.551724138,0.036893204,0.131034483
1494,5976,4.611111111,0.048192771,0.222222222
1566,8456.4,4.833333333,0.062068966,0.3
2987,11350.6,3.551724138,0.036893204,0.131034483
2987,10454.5,3.551724138,0.033980583,0.120689655
1494,5976,4.611111111,0.048192771,0.222222222
1566,8456.4,4.833333333,0.062068966,0.3
660,2640,4.583333333,0.072727273,0.333333333
2987,10454.5,3.551724138,0.033980583,0.120689655
1780,9790,4.45,0.061797753,0.275
660,2640,4.583333333,0.072727273,0.333333333
952,5236,4.857142857,0.080882353,0.392857143
2987,12545.4,3.551724138,0.040776699,0.144827586
952,5236,4.857142857,0.080882353,0.392857143
2987,11350.6,3.551724138,0.036893204,0.131034483
952,5236,4.857142857,0.080882353,0.392857143
952,5236,4.857142857,0.080882353,0.392857143
2987,10454.5,3.551724138,0.033980583,0.120689655
1780,9790,4.45,0.061797753,0.275
2884,11536,3.678571429,0.038834951,0.142857143
2987,10454.5,3.551724138,0.033980583,0.120689655
2987,10454.5,3.551724138,0.033980583,0.120689655
2987,10454.5,3.551724138,0.033980583,0.120689655
2884,11536,3.678571429,0.038834951,0.142857143
1494,5976,4.611111111,0.048192771,0.222222222
3740,20196,9.35,0.028877005,0.27
210,462,4.285714286,0.073333333,0.314285714
470,940,4.7,0.042553191,0.2
1700,3740,5.882352941,0.022,0.129411765
13160,121072,8.225,0.027963526,0.23
108,194.4,3,0.1,0.3
15216,136944,6.604166667,0.028391167,0.1875
208,416,3.25,0.076923077,0.25
14520,124872,7.5,0.026060606,0.195454545
516,1548,3.583333333,0.069767442,0.25
1224,4896,4.235294118,0.055555556,0.235294118
14256,122601.6,7.363636364,0.02654321,0.195454545
1520,4864,3.8,0.042105263,0.16
2618,14660.8,5.409090909,0.047058824,0.254545455
451,1353,3.727272727,0.073170732,0.272727273
1700,3740,5.882352941,0.022,0.129411765
2112,8448,4.363636364,0.041666667,0.181818182
2090,8360,4.318181818,0.042105263,0.181818182
1260,5040,3.888888889,0.057142857,0.222222222
1560,6240,3.9,0.051282051,0.2
420,672,4.2,0.038095238,0.16
210,462,4.285714286,0.073333333,0.314285714
2640,8712,4.583333333,0.03,0.1375
1278,4089.6,3.944444444,0.045070423,0.177777778
540,1296,5.4,0.044444444,0.24
208,416,3.25,0.076923077,0.25
1278,4089.6,3.944444444,0.045070423,0.177777778
408,734.4,2.833333333,0.052941176,0.15
4640,24592,5.517241379,0.033125,0.182758621
12892,108292.8,6.659090909,0.028668942,0.190909091
270,675,3.333333333,0.083333333,0.277777778
2400,14400,4.166666667,0.06,0.25
2640,8712,4.583333333,0.03,0.1375
2400,12480,4.166666667,0.052,0.216666667
14490,123165,8.214285714,0.024637681,0.202380952
1360,2856,3.4,0.030882353,0.105
4342,19973.2,6.423076923,0.02754491,0.176923077
16560,144072,7.1875,0.025217391,0.18125
550,1155,4.545454545,0.042,0.190909091
3120,12792,5.416666667,0.031538462,0.170833333
3484,19162,5.153846154,0.041044776,0.211538462
14256,122601.6,7.363636364,0.02654321,0.195454545
310,961,3.1,0.1,0.31
1258,2516,4.352941176,0.027027027,0.117647059
468,1170,5.777777778,0.048076923,0.277777778
231,485.1,4.714285714,0.063636364,0.3
11968,98137.6,6.181818182,0.030147059,0.186363636
336,672,5.25,0.047619048,0.25
576,1728,7.111111111,0.046875,0.333333333
7904,63232,7.71875,0.032388664,0.25
2112,8870.4,4.363636364,0.04375,0.190909091
11968,98137.6,6.181818182,0.030147059,0.186363636
11322,95104.8,8.27027027,0.02745098,0.227027027
1520,4864,3.8,0.042105263,0.16
8874,71879.4,7.676470588,0.031034483,0.238235294
1564,6412.4,5.411764706,0.044565217,0.241176471
540,648,3.75,0.026666667,0.1
300,1050,3,0.116666667,0.35
3212,8993.6,6.636363636,0.019178082,0.127272727
3484,19162,5.153846154,0.041044776,0.211538462
256,640,4,0.078125,0.3125
208,416,3.25,0.076923077,0.25
336,672,5.25,0.047619048,0.25
208,416,3.25,0.076923077,0.25
256,640,4,0.078125,0.3125
2775,14985,4.44,0.048648649,0.216
2288,9838.4,4.727272727,0.041346154,0.195454545
310,961,3.1,0.1,0.31
564,1974,3.916666667,0.074468085,0.291666667
270,675,3.333333333,0.083333333,0.277777778
396,1188,4.888888889,0.068181818,0.333333333
1520,4864,3.8,0.042105263,0.16
1720,8428,4.3,0.056976744,0.245
2775,13320,4.44,0.043243243,0.192
304,425.6,4.75,0.036842105,0.175
550,1155,4.545454545,0.042,0.190909091
3920,22736,5,0.041428571,0.207142857
3920,22736,5,0.041428571,0.207142857
954,3816,2.944444444,0.075471698,0.222222222
451,1353,3.727272727,0.073170732,0.272727273
6840,45828,7.6,0.029385965,0.223333333
612,1836,4.25,0.058823529,0.25
1420,5680,3.55,0.056338028,0.2
2568,11812.8,4.458333333,0.042990654,0.191666667
10526,84208,7.289473684,0.028880866,0.210526316
288,576,3.555555556,0.0625,0.222222222
176,422.4,2.75,0.109090909,0.3
3484,19162,5.153846154,0.041044776,0.211538462
216,432,3.375,0.074074074,0.25
1360,2856,3.4,0.030882353,0.105
1050,2730,4.666666667,0.037142857,0.173333333
954,3816,2.944444444,0.075471698,0.222222222
300,600,3,0.066666667,0.2
954,3816,2.944444444,0.075471698,0.222222222
1445,4335,5,0.035294118,0.176470588
882,1940.4,4.5,0.034920635,0.157142857
2016,7459.2,4.571428571,0.038541667,0.176190476
216,432,3.375,0.074074074,0.25
336,672,5.25,0.047619048,0.25
232,464,3.625,0.068965517,0.25
120,120,3.333333333,0.05,0.166666667
3484,19162,5.153846154,0.041044776,0.211538462
336,672,5.25,0.047619048,0.25
1120,3696,5.714285714,0.04125,0.235714286
492,1033.2,3.416666667,0.051219512,0.175
1410,3807,6.266666667,0.028723404,0.18
11968,98137.6,6.181818182,0.030147059,0.186363636
2090,8569,4.318181818,0.043157895,0.186363636
14616,128620.8,8.285714286,0.025287356,0.20952381
408,1142.4,2.833333333,0.082352941,0.233333333
16950,149160,6.78,0.025958702,0.176
310,682,3.1,0.070967742,0.22
7328,49097.6,7.15625,0.029257642,0.209375
3484,19162,5.153846154,0.041044776,0.211538462
11634,93072,6.595238095,0.028880866,0.19047619
2750,13750,4.4,0.045454545,0.2
1953,6249.6,4.428571429,0.034408602,0.152380952
420,672,4.2,0.038095238,0.16
1360,2856,3.4,0.030882353,0.105
2775,14985,4.44,0.048648649,0.216
1520,4864,3.8,0.042105263,0.16
2640,8712,4.583333333,0.03,0.1375
540,648,3.75,0.026666667,0.1
2668,14940.8,5.043478261,0.048275862,0.243478261
3212,8993.6,6.636363636,0.019178082,0.127272727
3740,20196,9.35,0.028877005,0.27
612,1836,4.25,0.058823529,0.25
10526,84208,7.289473684,0.028880866,0.210526316
3920,21952,5,0.04,0.2
954,3816,2.944444444,0.075471698,0.222222222
9344,76620.8,9.125,0.028082192,0.25625
780,2730,4.615384615,0.058333333,0.269230769
360,972,2.5,0.09,0.225
2775,13320,4.44,0.043243243,0.192
6840,45828,7.6,0.029385965,0.223333333
1360,4352,4.705882353,0.04,0.188235294
2068,8892.4,4.272727273,0.045744681,0.195454545
7968,56572.8,7.78125,0.028514056,0.221875
184,239.2,2.875,0.056521739,0.1625
832,1664,3.25,0.038461538,0.125
1120,3696,5.714285714,0.04125,0.235714286
14400,119520,6.25,0.027666667,0.172916667
210,462,4.285714286,0.073333333,0.314285714
3484,19162,5.153846154,0.041044776,0.211538462
504,756,3.5,0.035714286,0.125
9344,74752,9.125,0.02739726,0.25
352,880,5.5,0.056818182,0.3125
52,52,3.25,0.076923077,0.25
1760,7392,6.875,0.038181818,0.2625
176,422.4,2.75,0.109090909,0.3
492,984,3.416666667,0.048780488,0.166666667
2568,11812.8,4.458333333,0.042990654,0.191666667
13160,121072,8.225,0.027963526,0.23
16432,146244.8,6.076923077,0.028164557,0.171153846
264,528,4.125,0.060606061,0.25
4560,27360,7.916666667,0.031578947,0.25
3752,21761.6,4.785714286,0.043283582,0.207142857
988,2964,5.846153846,0.039473684,0.230769231
3920,22736,5,0.041428571,0.207142857
420,672,4.2,0.038095238,0.16
208,374.4,3.25,0.069230769,0.225
208,416,3.25,0.076923077,0.25
408,734.4,2.833333333,0.052941176,0.15
1120,3696,5.714285714,0.04125,0.235714286
408,1142.4,2.833333333,0.082352941,0.233333333
1050,2730,4.666666667,0.037142857,0.173333333
1258,2516,4.352941176,0.027027027,0.117647059
15216,136944,6.604166667,0.028391167,0.1875
2750,13750,4.4,0.045454545,0.2
1953,6249.6,4.428571429,0.034408602,0.152380952
352,880,5.5,0.056818182,0.3125
6840,45828,7.6,0.029385965,0.223333333
2288,9838.4,4.727272727,0.041346154,0.195454545
2668,14940.8,5.043478261,0.048275862,0.243478261
450,1125,4.5,0.055555556,0.25
12168,111945.6,8,0.029487179,0.235897436
564,902.4,3.916666667,0.034042553,0.133333333
2112,8448,4.363636364,0.041666667,0.181818182
576,1728,7.111111111,0.046875,0.333333333
492,1476,3.416666667,0.073170732,0.25
1258,2516,4.352941176,0.027027027,0.117647059
250,750,2.5,0.12,0.3
216,648,3.375,0.111111111,0.375
2400,12000,4.166666667,0.05,0.208333333
208,312,3.25,0.057692308,0.1875
1445,4335,5,0.035294118,0.176470588
1445,4335,5,0.035294118,0.176470588
4342,19973.2,6.423076923,0.02754491,0.176923077
208,416,3.25,0.076923077,0.25
2288,9609.6,4.727272727,0.040384615,0.190909091
1258,2516,4.352941176,0.027027027,0.117647059
612,1836,4.25,0.058823529,0.25
580,1160,5.8,0.034482759,0.2
270,675,3.333333333,0.083333333,0.277777778
208,416,3.25,0.076923077,0.25
3920,22736,5,0.041428571,0.207142857
14256,122601.6,7.363636364,0.02654321,0.195454545
1278,4089.6,3.944444444,0.045070423,0.177777778
420,672,4.2,0.038095238,0.16
8874,71879.4,7.676470588,0.031034483,0.238235294
1953,6249.6,4.428571429,0.034408602,0.152380952
1224,4896,4.235294118,0.055555556,0.235294118
11968,98137.6,6.181818182,0.030147059,0.186363636
451,1353,3.727272727,0.073170732,0.272727273
882,1940.4,4.5,0.034920635,0.157142857
3484,19162,5.153846154,0.041044776,0.211538462
270,675,3.333333333,0.083333333,0.277777778
2775,13320,4.44,0.043243243,0.192
208,374.4,3.25,0.069230769,0.225
1072,6432,4.1875,0.089552239,0.375
15300,126990,6.12,0.027124183,0.166
2750,13750,4.4,0.045454545,0.2
440,704,3.636363636,0.04,0.145454545
270,675,3.333333333,0.083333333,0.277777778
3484,19162,5.153846154,0.041044776,0.211538462
15312,133214.4,6.645833333,0.027272727,0.18125
2618,14660.8,5.409090909,0.047058824,0.254545455
1258,2516,4.352941176,0.027027027,0.117647059
492,1180.8,3.416666667,0.058536585,0.2
8960,73472,8.75,0.029285714,0.25625
3920,21952,5,0.04,0.2
1520,4864,3.8,0.042105263,0.16
208,374.4,3.25,0.069230769,0.225
3752,21761.6,4.785714286,0.043283582,0.207142857
336,672,5.25,0.047619048,0.25
954,3816,2.944444444,0.075471698,0.222222222
3212,8993.6,6.636363636,0.019178082,0.127272727
8874,71879.4,7.676470588,0.031034483,0.238235294
2400,14400,4.166666667,0.06,0.25
208,416,3.25,0.076923077,0.25
240,384,3.75,0.053333333,0.2
2090,8569,4.318181818,0.043157895,0.186363636
297,594,3.666666667,0.060606061,0.222222222
160,480,2.5,0.15,0.375
2288,9838.4,4.727272727,0.041346154,0.195454545
3484,19162,5.153846154,0.041044776,0.211538462
2775,14985,4.44,0.048648649,0.216
184,239.2,2.875,0.056521739,0.1625
14400,123840,5.76,0.029861111,0.172
3484,19162,5.153846154,0.041044776,0.211538462
13160,121072,8.225,0.027963526,0.23
2640,8712,4.583333333,0.03,0.1375
304,425.6,4.75,0.036842105,0.175
4342,19973.2,6.423076923,0.02754491,0.176923077
704,1408,5.818181818,0.03125,0.181818182
564,902.4,3.916666667,0.034042553,0.133333333
16432,146244.8,6.076923077,0.028164557,0.171153846
10440,90828,8.055555556,0.03,0.241666667
184,239.2,2.875,0.056521739,0.1625
250,750,2.5,0.12,0.3
2112,8448,4.363636364,0.041666667,0.181818182
1260,5040,3.888888889,0.057142857,0.222222222
1360,4760,4.705882353,0.04375,0.205882353
300,600,3,0.066666667,0.2
580,1160,5.8,0.034482759,0.2
1260,5040,3.888888889,0.057142857,0.222222222
3212,8993.6,6.636363636,0.019178082,0.127272727
320,960,5,0.075,0.375
3892,21016.8,4.964285714,0.038848921,0.192857143
3920,21952,5,0.04,0.2
4650,28830,7.44,0.033333333,0.248
630,1449,6.3,0.036507937,0.23
540,1296,5.4,0.044444444,0.24
1050,2730,4.666666667,0.037142857,0.173333333
4480,25984,5.714285714,0.03625,0.207142857
208,416,3.25,0.076923077,0.25
16950,149160,6.78,0.025958702,0.176
1260,5040,3.888888889,0.057142857,0.222222222
440,836,3.636363636,0.0475,0.172727273
208,416,3.25,0.076923077,0.25
11968,98137.6,6.181818182,0.030147059,0.186363636
208,416,3.25,0.076923077,0.25
1445,4335,5,0.035294118,0.176470588
2058,8232,4.666666667,0.040816327,0.19047619
1440,3888,3.6,0.0375,0.135
300,1050,3,0.116666667,0.35
696,1809.6,4.833333333,0.044827586,0.216666667
612,1836,4.25,0.058823529,0.25
630,1449,6.3,0.036507937,0.23
304,425.6,4.75,0.036842105,0.175
2668,14940.8,5.043478261,0.048275862,0.243478261
304,425.6,4.75,0.036842105,0.175
11507,105864.4,8.405405405,0.029581994,0.248648649
2000,5800,5,0.029,0.145
1700,3740,5.882352941,0.022,0.129411765
2775,13320,4.44,0.043243243,0.192
8874,71879.4,7.676470588,0.031034483,0.238235294
310,961,3.1,0.1,0.31
208,416,3.25,0.076923077,0.25
8960,73472,8.75,0.029285714,0.25625
300,600,3,0.066666667,0.2
352,880,5.5,0.056818182,0.3125
11968,98137.6,6.181818182,0.030147059,0.186363636
408,734.4,2.833333333,0.052941176,0.15
8874,71879.4,7.676470588,0.031034483,0.238235294
2775,14985,4.44,0.048648649,0.216
1278,4089.6,3.944444444,0.045070423,0.177777778
11968,98137.6,6.181818182,0.030147059,0.186363636
176,422.4,2.75,0.109090909,0.3
1278,4089.6,3.944444444,0.045070423,0.177777778
297,594,3.666666667,0.060606061,0.222222222
300,1050,3,0.116666667,0.35
4480,25984,5.714285714,0.03625,0.207142857
10526,84208,7.289473684,0.028880866,0.210526316
1445,4335,5,0.035294118,0.176470588
208,416,3.25,0.076923077,0.25
988,2964,5.846153846,0.039473684,0.230769231
594,1485,4.909090909,0.046296296,0.227272727
2400,12000,4.166666667,0.05,0.208333333
208,353.6,3.25,0.065384615,0.2125
492,1180.8,3.416666667,0.058536585,0.2
2668,14940.8,5.043478261,0.048275862,0.243478261
11507,105864.4,8.405405405,0.029581994,0.248648649
2112,8870.4,4.363636364,0.04375,0.190909091
1760,7392,6.875,0.038181818,0.2625
3740,20196,9.35,0.028877005,0.27
256,640,4,0.078125,0.3125
8874,71879.4,7.676470588,0.031034483,0.238235294
550,1155,4.545454545,0.042,0.190909091
4480,23744,5.714285714,0.033125,0.189285714
576,1728,7.111111111,0.046875,0.333333333
2618,14660.8,5.409090909,0.047058824,0.254545455
3484,19162,5.153846154,0.041044776,0.211538462
3584,9676.8,4.571428571,0.02109375,0.096428571
528,1003.2,3.666666667,0.043181818,0.158333333
1152,11520,4.5,0.138888889,0.625
3920,22736,5,0.041428571,0.207142857
264,528,4.125,0.060606061,0.25
13160,121072,8.225,0.027963526,0.23
12168,111945.6,8,0.029487179,0.235897436
408,734.4,2.833333333,0.052941176,0.15
2400,12480,4.166666667,0.052,0.216666667
408,734.4,2.833333333,0.052941176,0.15
4342,19973.2,6.423076923,0.02754491,0.176923077
3752,21761.6,4.785714286,0.043283582,0.207142857
3120,12792,5.416666667,0.031538462,0.170833333
1224,4896,4.235294118,0.055555556,0.235294118
1190,4165,4.117647059,0.05,0.205882353
11322,95104.8,8.27027027,0.02745098,0.227027027
208,374.4,3.25,0.069230769,0.225
3484,19162,5.153846154,0.041044776,0.211538462
600,1500,6,0.041666667,0.25
369,811.8,4.555555556,0.053658537,0.244444444
954,3816,2.944444444,0.075471698,0.222222222
240,384,3.75,0.053333333,0.2
208,374.4,3.25,0.069230769,0.225
740,1554,7.4,0.028378378,0.21
540,1620,5.4,0.055555556,0.3
2750,13750,4.4,0.045454545,0.2
2112,8448,4.363636364,0.041666667,0.181818182
336,672,5.25,0.047619048,0.25
2750,13750,4.4,0.045454545,0.2
2068,8892.4,4.272727273,0.045744681,0.195454545
15030,130761,7.422222222,0.026047904,0.193333333
564,902.4,3.916666667,0.034042553,0.133333333
3920,21952,5,0.04,0.2
304,425.6,4.75,0.036842105,0.175
2052,6361.2,6.333333333,0.027192982,0.172222222
4031,23379.8,4.793103448,0.041726619,0.2
2112,8870.4,4.363636364,0.04375,0.190909091
184,239.2,2.875,0.056521739,0.1625
1152,11520,4.5,0.138888889,0.625
470,940,4.7,0.042553191,0.2
1188,4752,3.666666667,0.060606061,0.222222222
580,1160,5.8,0.034482759,0.2
1224,4896,4.235294118,0.055555556,0.235294118
2640,8712,4.583333333,0.03,0.1375
1460,2920,3.65,0.02739726,0.1
610,1830,6.1,0.049180328,0.3
1360,2856,3.4,0.030882353,0.105
6840,45828,7.6,0.029385965,0.223333333
580,1160,5.8,0.034482759,0.2
320,960,5,0.075,0.375
256,640,4,0.078125,0.3125
740,1554,7.4,0.028378378,0.21
297,594,3.666666667,0.060606061,0.222222222
470,940,4.7,0.042553191,0.2
1560,6240,3.9,0.051282051,0.2
208,416,3.25,0.076923077,0.25
2775,14985,4.44,0.048648649,0.216
7480,53856,6.470588235,0.032727273,0.211764706
1260,5040,3.888888889,0.057142857,0.222222222
144,360,4,0.104166667,0.416666667
420,672,4.2,0.038095238,0.16
2400,14400,4.166666667,0.06,0.25
3752,21761.6,4.785714286,0.043283582,0.207142857
1278,4089.6,3.944444444,0.045070423,0.177777778
7854,63617.4,7.212121212,0.034033613,0.245454545
216,432,3.375,0.074074074,0.25
1360,2856,3.4,0.030882353,0.105
208,374.4,3.25,0.069230769,0.225
1050,2730,4.666666667,0.037142857,0.173333333
2640,8712,4.583333333,0.03,0.1375
216,432,3.375,0.074074074,0.25
2640,8712,4.583333333,0.03,0.1375
480,1056,4.8,0.045833333,0.22
3753,19515.6,5.148148148,0.037410072,0.192592593
3920,22736,5,0.041428571,0.207142857
1460,2920,3.65,0.02739726,0.1
2568,11812.8,4.458333333,0.042990654,0.191666667
7904,63232,7.71875,0.032388664,0.25
352,880,5.5,0.056818182,0.3125
2775,13320,4.44,0.043243243,0.192
2400,12480,4.166666667,0.052,0.216666667
9344,74752,9.125,0.02739726,0.25
1440,3600,5.625,0.027777778,0.15625
580,1450,5.8,0.043103448,0.25
2052,6361.2,6.333333333,0.027192982,0.172222222
184,239.2,2.875,0.056521739,0.1625
270,675,3.333333333,0.083333333,0.277777778
440,1056,3.636363636,0.06,0.218181818
1188,4752,3.666666667,0.060606061,0.222222222
564,902.4,3.916666667,0.034042553,0.133333333
240,384,3.75,0.053333333,0.2
13160,121072,8.225,0.027963526,0.23
540,648,3.75,0.026666667,0.1
16560,144072,7.1875,0.025217391,0.18125
1258,2641.8,4.352941176,0.028378378,0.123529412
11634,93072,6.595238095,0.028880866,0.19047619
14400,123840,5.76,0.029861111,0.172
420,672,4.2,0.038095238,0.16
1560,6240,3.9,0.051282051,0.2
2618,14660.8,5.409090909,0.047058824,0.254545455
3920,22736,5,0.041428571,0.207142857
336,672,5.25,0.047619048,0.25
2090,8360,4.318181818,0.042105263,0.181818182
208,416,3.25,0.076923077,0.25
408,734.4,2.833333333,0.052941176,0.15
3484,19162,5.153846154,0.041044776,0.211538462
2088,6055.2,6.444444444,0.025,0.161111111
1460,2920,3.65,0.02739726,0.1
1050,2730,4.666666667,0.037142857,0.173333333
16560,144072,7.1875,0.025217391,0.18125
2090,8360,4.318181818,0.042105263,0.181818182
3740,20196,9.35,0.028877005,0.27
11634,93072,6.595238095,0.028880866,0.19047619
1410,3807,6.266666667,0.028723404,0.18
264,660,4.125,0.075757576,0.3125
7854,63617.4,7.212121212,0.034033613,0.245454545
4342,19973.2,6.423076923,0.02754491,0.176923077
1152,11520,4.5,0.138888889,0.625
10526,84208,7.289473684,0.028880866,0.210526316
1440,3600,5.625,0.027777778,0.15625
540,1296,3.75,0.053333333,0.2
576,1728,7.111111111,0.046875,0.333333333
504,756,3.5,0.035714286,0.125
492,1476,3.416666667,0.073170732,0.25
4560,27360,7.916666667,0.031578947,0.25
8960,73472,8.75,0.029285714,0.25625
1050,2730,4.666666667,0.037142857,0.173333333
208,416,3.25,0.076923077,0.25
3752,21761.6,4.785714286,0.043283582,0.207142857
594,1485,4.909090909,0.046296296,0.227272727
2060,10300,5.15,0.048543689,0.25
2060,10300,5.15,0.048543689,0.25
3212,8993.6,6.636363636,0.019178082,0.127272727
1394,3903.2,4.823529412,0.034146341,0.164705882
14520,124872,7.5,0.026060606,0.195454545
2568,11812.8,4.458333333,0.042990654,0.191666667
540,1296,3.75,0.053333333,0.2
882,1940.4,4.5,0.034920635,0.157142857
1394,3903.2,4.823529412,0.034146341,0.164705882
4342,19973.2,6.423076923,0.02754491,0.176923077
208,416,3.25,0.076923077,0.25
12760,104632,6.590909091,0.028275862,0.186363636
14400,119520,6.25,0.027666667,0.172916667
832,1664,3.25,0.038461538,0.125
2088,6055.2,6.444444444,0.025,0.161111111
550,1155,4.545454545,0.042,0.190909091
2068,8892.4,4.272727273,0.045744681,0.195454545
12760,104632,6.590909091,0.028275862,0.186363636
270,675,3.333333333,0.083333333,0.277777778
408,1142.4,2.833333333,0.082352941,0.233333333
4640,24592,5.517241379,0.033125,0.182758621
660,1782,6.6,0.040909091,0.27
408,1142.4,2.833333333,0.082352941,0.233333333
564,902.4,3.916666667,0.034042553,0.133333333
2112,8870.4,4.363636364,0.04375,0.190909091
300,1050,3,0.116666667,0.35
270,675,3.333333333,0.083333333,0.277777778
2060,10300,5.15,0.048543689,0.25
208,374.4,3.25,0.069230769,0.225
408,734.4,2.833333333,0.052941176,0.15
4480,23744,5.714285714,0.033125,0.189285714
450,1125,4.5,0.055555556,0.25
216,432,3.375,0.074074074,0.25
2288,9609.6,4.727272727,0.040384615,0.190909091
1007,2718.9,2.789473684,0.050943396,0.142105263
360,972,2.5,0.09,0.225
564,902.4,3.916666667,0.034042553,0.133333333
270,675,3.333333333,0.083333333,0.277777778
352,880,5.5,0.056818182,0.3125
2400,14400,4.166666667,0.06,0.25
2400,14400,4.166666667,0.06,0.25
470,940,4.7,0.042553191,0.2
3920,22736,5,0.041428571,0.207142857
4342,19973.2,6.423076923,0.02754491,0.176923077
3484,19162,5.153846154,0.041044776,0.211538462
540,1296,3.75,0.053333333,0.2
2668,14940.8,5.043478261,0.048275862,0.243478261
11634,93072,6.595238095,0.028880866,0.19047619
3892,21016.8,4.964285714,0.038848921,0.192857143
4342,19104.8,6.423076923,0.026347305,0.169230769
696,1809.6,4.833333333,0.044827586,0.216666667
300,600,3,0.066666667,0.2
2112,8448,4.363636364,0.041666667,0.181818182
17264,146744,6.384615385,0.02560241,0.163461538
2750,13750,4.4,0.045454545,0.2
11322,95104.8,8.27027027,0.02745098,0.227027027
352,880,5.5,0.056818182,0.3125
6840,45828,7.6,0.029385965,0.223333333
1050,2730,4.666666667,0.037142857,0.173333333
304,425.6,4.75,0.036842105,0.175
208,374.4,3.25,0.069230769,0.225
144,360,4,0.104166667,0.416666667
1050,2730,4.666666667,0.037142857,0.173333333
144,360,4,0.104166667,0.416666667
216,432,3.375,0.074074074,0.25
3752,21761.6,4.785714286,0.043283582,0.207142857
14256,122601.6,7.363636364,0.02654321,0.195454545
2088,6055.2,6.444444444,0.025,0.161111111
297,594,3.666666667,0.060606061,0.222222222
7968,56572.8,7.78125,0.028514056,0.221875
540,1296,5.4,0.044444444,0.24
208,416,3.25,0.076923077,0.25
4480,23744,5.714285714,0.033125,0.189285714
564,902.4,3.916666667,0.034042553,0.133333333
162,583.2,4.5,0.133333333,0.6
9344,76620.8,9.125,0.028082192,0.25625
1420,5680,3.55,0.056338028,0.2
1188,4752,3.666666667,0.060606061,0.222222222
11322,95104.8,8.27027027,0.02745098,0.227027027
600,1800,6,0.05,0.3
1445,4335,5,0.035294118,0.176470588
2068,8892.4,4.272727273,0.045744681,0.195454545
560,1624,5.6,0.051785714,0.29
3484,19162,5.153846154,0.041044776,0.211538462
2112,8448,4.363636364,0.041666667,0.181818182
396,792,2.75,0.060606061,0.166666667
1440,3600,5.625,0.027777778,0.15625
300,600,3,0.066666667,0.2
16950,149160,6.78,0.025958702,0.176
310,682,3.1,0.070967742,0.22
352,880,5.5,0.056818182,0.3125
8960,73472,8.75,0.029285714,0.25625
2112,8870.4,4.363636364,0.04375,0.190909091
4342,19973.2,6.423076923,0.02754491,0.176923077
492,885.6,3.416666667,0.043902439,0.15
432,1080,3,0.069444444,0.208333333
2400,14400,4.166666667,0.06,0.25
550,1155,4.545454545,0.042,0.190909091
832,1664,3.25,0.038461538,0.125
14400,123840,5.76,0.029861111,0.172
1120,3696,5.714285714,0.04125,0.235714286
162,583.2,4.5,0.133333333,0.6
369,811.8,4.555555556,0.053658537,0.244444444
160,480,2.5,0.15,0.375
3484,19162,5.153846154,0.041044776,0.211538462
630,1449,6.3,0.036507937,0.23
1560,6240,3.9,0.051282051,0.2
564,902.4,3.916666667,0.034042553,0.133333333
3212,8993.6,6.636363636,0.019178082,0.127272727
300,1050,3,0.116666667,0.35
7968,56572.8,7.78125,0.028514056,0.221875
1260,5040,3.888888889,0.057142857,0.222222222
1050,2730,4.666666667,0.037142857,0.173333333
330,990,3.3,0.090909091,0.3
2112,8870.4,4.363636364,0.04375,0.190909091
208,416,3.25,0.076923077,0.25
2288,9838.4,4.727272727,0.041346154,0.195454545
360,972,2.5,0.09,0.225
300,1050,3,0.116666667,0.35
2640,8712,4.583333333,0.03,0.1375
270,675,3.333333333,0.083333333,0.277777778
560,1624,5.6,0.051785714,0.29
270,675,3.333333333,0.083333333,0.277777778
208,374.4,3.25,0.069230769,0.225
1445,4335,5,0.035294118,0.176470588
420,672,4.2,0.038095238,0.16
16560,144072,7.1875,0.025217391,0.18125
7968,56572.8,7.78125,0.028514056,0.221875
8874,71879.4,7.676470588,0.031034483,0.238235294
161,257.6,3.285714286,0.069565217,0.228571429
1278,4089.6,3.944444444,0.045070423,0.177777778
320,960,5,0.075,0.375
2400,14400,4.166666667,0.06,0.25
208,416,3.25,0.076923077,0.25
1445,4335,5,0.035294118,0.176470588
3740,20196,9.35,0.028877005,0.27
954,3816,2.944444444,0.075471698,0.222222222
10440,90828,8.055555556,0.03,0.241666667
492,984,3.416666667,0.048780488,0.166666667
396,792,2.75,0.060606061,0.166666667
2400,14400,4.166666667,0.06,0.25
540,1620,5.4,0.055555556,0.3
3752,21761.6,4.785714286,0.043283582,0.207142857
15312,133214.4,6.645833333,0.027272727,0.18125
12240,105264,9.444444444,0.025294118,0.238888889
3920,21952,5,0.04,0.2
1260,5040,3.888888889,0.057142857,0.222222222
160,480,2.5,0.15,0.375
1152,11520,4.5,0.138888889,0.625
504,756,3.5,0.035714286,0.125
10440,90828,8.055555556,0.03,0.241666667
352,880,5.5,0.056818182,0.3125
14490,123165,8.214285714,0.024637681,0.202380952
264,660,4.125,0.075757576,0.3125
660,1782,6.6,0.040909091,0.27
3753,19515.6,5.148148148,0.037410072,0.192592593
408,1142.4,2.833333333,0.082352941,0.233333333
208,416,3.25,0.076923077,0.25
408,1142.4,2.833333333,0.082352941,0.233333333
208,416,3.25,0.076923077,0.25
408,1142.4,2.833333333,0.082352941,0.233333333
504,756,3.5,0.035714286,0.125
580,1160,5.8,0.034482759,0.2
4031,23379.8,4.793103448,0.041726619,0.2
4031,23379.8,4.793103448,0.041726619,0.2
352,880,5.5,0.056818182,0.3125
480,1056,4.8,0.045833333,0.22
3212,8993.6,6.636363636,0.019178082,0.127272727
16950,149160,6.78,0.025958702,0.176
2052,6361.2,6.333333333,0.027192982,0.172222222
216,432,3.375,0.074074074,0.25
1520,4864,3.8,0.042105263,0.16
1960,4312,4.9,0.02244898,0.11
1072,6432,4.1875,0.089552239,0.375
16950,149160,6.78,0.025958702,0.176
1258,2516,4.352941176,0.027027027,0.117647059
396,1188,4.888888889,0.068181818,0.333333333
13160,121072,8.225,0.027963526,0.23
2060,10300,5.15,0.048543689,0.25
2775,13320,4.44,0.043243243,0.192
1560,6240,3.9,0.051282051,0.2
176,422.4,2.75,0.109090909,0.3
2618,14660.8,5.409090909,0.047058824,0.254545455
1445,4335,5,0.035294118,0.176470588
1520,4864,3.8,0.042105263,0.16
9344,74752,9.125,0.02739726,0.25
1190,4165,4.117647059,0.05,0.205882353
954,3816,2.944444444,0.075471698,0.222222222
1260,5040,3.888888889,0.057142857,0.222222222
440,836,3.636363636,0.0475,0.172727273
408,734.4,2.833333333,0.052941176,0.15
2668,14940.8,5.043478261,0.048275862,0.243478261
7328,49097.6,7.15625,0.029257642,0.209375
432,1080,3,0.069444444,0.208333333
250,750,2.5,0.12,0.3
2052,6361.2,6.333333333,0.027192982,0.172222222
4650,28830,7.44,0.033333333,0.248
2052,6361.2,6.333333333,0.027192982,0.172222222
2775,13320,4.44,0.043243243,0.192
408,734.4,2.833333333,0.052941176,0.15
11634,93072,6.595238095,0.028880866,0.19047619
184,239.2,2.875,0.056521739,0.1625
1360,4352,4.705882353,0.04,0.188235294
882,1940.4,4.5,0.034920635,0.157142857
2058,8232,4.666666667,0.040816327,0.19047619
1152,11520,4.5,0.138888889,0.625
3584,9676.8,4.571428571,0.02109375,0.096428571
8960,73472,8.75,0.029285714,0.25625
2618,14660.8,5.409090909,0.047058824,0.254545455
2568,11812.8,4.458333333,0.042990654,0.191666667
16560,144072,7.1875,0.025217391,0.18125
2090,8360,4.318181818,0.042105263,0.181818182
11968,98137.6,6.181818182,0.030147059,0.186363636
2016,7459.2,4.571428571,0.038541667,0.176190476
336,672,5.25,0.047619048,0.25
516,1548,3.583333333,0.069767442,0.25
1072,6432,4.1875,0.089552239,0.375
264,660,4.125,0.075757576,0.3125
216,432,3.375,0.074074074,0.25
7904,63232,7.71875,0.032388664,0.25
217,217,4.428571429,0.032258065,0.142857143
2568,11812.8,4.458333333,0.042990654,0.191666667
3740,20196,9.35,0.028877005,0.27
304,425.6,4.75,0.036842105,0.175
11322,95104.8,8.27027027,0.02745098,0.227027027
208,416,3.25,0.076923077,0.25
504,756,3.5,0.035714286,0.125
2568,11812.8,4.458333333,0.042990654,0.191666667
580,1160,5.8,0.034482759,0.2
12240,105264,9.444444444,0.025294118,0.238888889
176,422.4,2.75,0.109090909,0.3
3484,19162,5.153846154,0.041044776,0.211538462
16560,144072,7.1875,0.025217391,0.18125
9438,74560.2,8.666666667,0.027622378,0.239393939
2668,14940.8,5.043478261,0.048275862,0.243478261
1520,4864,3.8,0.042105263,0.16
2088,6055.2,6.444444444,0.025,0.161111111
1560,6240,3.9,0.051282051,0.2
1360,2856,3.4,0.030882353,0.105
1560,6240,3.9,0.051282051,0.2
780,2730,4.615384615,0.058333333,0.269230769
420,672,4.2,0.038095238,0.16
9408,81849.6,9.1875,0.029591837,0.271875
16432,146244.8,6.076923077,0.028164557,0.171153846
540,648,3.75,0.026666667,0.1
492,885.6,3.416666667,0.043902439,0.15
2288,9838.4,4.727272727,0.041346154,0.195454545
408,734.4,2.833333333,0.052941176,0.15
966,2125.2,4.928571429,0.031884058,0.157142857
780,2730,4.615384615,0.058333333,0.269230769
300,600,3,0.066666667,0.2
3753,19515.6,5.148148148,0.037410072,0.192592593
954,3816,2.944444444,0.075471698,0.222222222
1700,3740,5.882352941,0.022,0.129411765
2400,12000,4.166666667,0.05,0.208333333
1445,4335,5,0.035294118,0.176470588
966,2125.2,4.928571429,0.031884058,0.157142857
2090,8360,4.318181818,0.042105263,0.181818182
1953,6249.6,4.428571429,0.034408602,0.152380952
1410,3807,6.266666667,0.028723404,0.18
504,756,3.5,0.035714286,0.125
1420,5680,3.55,0.056338028,0.2
264,528,4.125,0.060606061,0.25
504,756,3.5,0.035714286,0.125
3484,19162,5.153846154,0.041044776,0.211538462
600,1500,6,0.041666667,0.25
2112,8448,4.363636364,0.041666667,0.181818182
3920,22736,5,0.041428571,0.207142857
1190,4165,4.117647059,0.05,0.205882353
1190,4165,4.117647059,0.05,0.205882353
2668,14940.8,5.043478261,0.048275862,0.243478261
1420,5680,3.55,0.056338028,0.2
1278,4089.6,3.944444444,0.045070423,0.177777778
2775,13320,4.44,0.043243243,0.192
504,756,3.5,0.035714286,0.125
208,374.4,3.25,0.069230769,0.225
3752,21761.6,4.785714286,0.043283582,0.207142857
396,792,2.75,0.060606061,0.166666667
9438,74560.2,8.666666667,0.027622378,0.239393939
208,416,3.25,0.076923077,0.25
832,1664,3.25,0.038461538,0.125
564,902.4,3.916666667,0.034042553,0.133333333
3753,19515.6,5.148148148,0.037410072,0.192592593
450,1125,4.5,0.055555556,0.25
300,600,3,0.066666667,0.2
4342,19973.2,6.423076923,0.02754491,0.176923077
1156,3236.8,4,0.041176471,0.164705882
310,682,3.1,0.070967742,0.22
184,239.2,2.875,0.056521739,0.1625
208,416,3.25,0.076923077,0.25
2750,13750,4.4,0.045454545,0.2
3920,21952,5,0.04,0.2
217,217,4.428571429,0.032258065,0.142857143
1050,2730,4.666666667,0.037142857,0.173333333
2775,14985,4.44,0.048648649,0.216
2775,13320,4.44,0.043243243,0.192
1760,7392,6.875,0.038181818,0.2625
11968,101728,6.181818182,0.03125,0.193181818
270,675,3.333333333,0.083333333,0.277777778
770,1925,3.928571429,0.045454545,0.178571429
3740,20196,9.35,0.028877005,0.27
1760,7392,6.875,0.038181818,0.2625
770,1925,3.928571429,0.045454545,0.178571429
576,1728,7.111111111,0.046875,0.333333333
1278,4089.6,3.944444444,0.045070423,0.177777778
1360,4760,4.705882353,0.04375,0.205882353
16432,146244.8,6.076923077,0.028164557,0.171153846
1953,6249.6,4.428571429,0.034408602,0.152380952
1278,4089.6,3.944444444,0.045070423,0.177777778
390,1560,3.9,0.102564103,0.4
11322,95104.8,8.27027027,0.02745098,0.227027027
2400,12480,4.166666667,0.052,0.216666667
580,1450,5.8,0.043103448,0.25
530,1431,5.3,0.050943396,0.27
396,1188,4.888888889,0.068181818,0.333333333
1260,5040,3.888888889,0.057142857,0.222222222
1560,6240,3.9,0.051282051,0.2
2775,14985,4.44,0.048648649,0.216
2016,7459.2,4.571428571,0.038541667,0.176190476
216,432,3.375,0.074074074,0.25
176,422.4,2.75,0.109090909,0.3
2668,14940.8,5.043478261,0.048275862,0.243478261
492,885.6,3.416666667,0.043902439,0.15
1520,4864,3.8,0.042105263,0.16
208,353.6,3.25,0.065384615,0.2125
1520,4864,3.8,0.042105263,0.16
1260,5040,3.888888889,0.057142857,0.222222222
1394,3903.2,4.823529412,0.034146341,0.164705882
1760,7392,6.875,0.038181818,0.2625
360,972,2.5,0.09,0.225
2400,12480,4.166666667,0.052,0.216666667
270,675,3.333333333,0.083333333,0.277777778
612,1836,4.25,0.058823529,0.25
7328,49097.6,7.15625,0.029257642,0.209375
16560,144072,7.1875,0.025217391,0.18125
2750,13750,4.4,0.045454545,0.2
504,756,3.5,0.035714286,0.125
270,675,3.333333333,0.083333333,0.277777778
564,1974,3.916666667,0.074468085,0.291666667
408,1142.4,2.833333333,0.082352941,0.233333333
550,1155,4.545454545,0.042,0.190909091
162,583.2,4.5,0.133333333,0.6
10440,90828,8.055555556,0.03,0.241666667
14400,123840,5.76,0.029861111,0.172
7328,49097.6,7.15625,0.029257642,0.209375
2750,13750,4.4,0.045454545,0.2
16950,149160,6.78,0.025958702,0.176
16900,145340,6.25,0.026461538,0.165384615
297,594,3.666666667,0.060606061,0.222222222
208,416,3.25,0.076923077,0.25
440,1056,3.636363636,0.06,0.218181818
2088,6055.2,6.444444444,0.025,0.161111111
352,880,5.5,0.056818182,0.3125
1224,4896,4.235294118,0.055555556,0.235294118
1953,6249.6,4.428571429,0.034408602,0.152380952
1278,4089.6,3.944444444,0.045070423,0.177777778
2068,8892.4,4.272727273,0.045744681,0.195454545
1440,3888,3.6,0.0375,0.135
1260,5040,3.888888889,0.057142857,0.222222222
2112,8870.4,4.363636364,0.04375,0.190909091
16950,149160,6.78,0.025958702,0.176
52,52,3.25,0.076923077,0.25
480,1056,4.8,0.045833333,0.22
1760,7392,6.875,0.038181818,0.2625
440,836,3.636363636,0.0475,0.172727273
1260,5040,3.888888889,0.057142857,0.222222222
208,416,3.25,0.076923077,0.25
13299,114371.4,8.743589744,0.025219941,0.220512821
2750,13750,4.4,0.045454545,0.2
576,1728,7.111111111,0.046875,0.333333333
540,1296,3.75,0.053333333,0.2
1258,2516,4.352941176,0.027027027,0.117647059
2112,8448,4.363636364,0.041666667,0.181818182
11507,105864.4,8.405405405,0.029581994,0.248648649
1120,3696,5.714285714,0.04125,0.235714286
396,1188,4.888888889,0.068181818,0.333333333
470,940,4.7,0.042553191,0.2
15030,130761,7.422222222,0.026047904,0.193333333
408,1142.4,2.833333333,0.082352941,0.233333333
492,885.6,3.416666667,0.043902439,0.15
612,1836,4.25,0.058823529,0.25
564,902.4,3.916666667,0.034042553,0.133333333
3892,21016.8,4.964285714,0.038848921,0.192857143
160,480,2.5,0.15,0.375
4640,24592,5.517241379,0.033125,0.182758621
540,1620,5.4,0.055555556,0.3
208,374.4,3.25,0.069230769,0.225
216,432,3.375,0.074074074,0.25
600,1800,6,0.05,0.3
540,648,3.75,0.026666667,0.1
1445,4335,5,0.035294118,0.176470588
11968,98137.6,6.181818182,0.030147059,0.186363636
1050,2730,4.666666667,0.037142857,0.173333333
270,675,3.333333333,0.083333333,0.277777778
1420,5680,3.55,0.056338028,0.2
7904,63232,7.71875,0.032388664,0.25
1394,3903.2,4.823529412,0.034146341,0.164705882
2090,8360,4.318181818,0.042105263,0.181818182
3584,9676.8,4.571428571,0.02109375,0.096428571
504,756,3.5,0.035714286,0.125
120,120,3.333333333,0.05,0.166666667
954,3816,2.944444444,0.075471698,0.222222222
184,239.2,2.875,0.056521739,0.1625
208,416,3.25,0.076923077,0.25
564,902.4,3.916666667,0.034042553,0.133333333
11968,98137.6,6.181818182,0.030147059,0.186363636
162,583.2,4.5,0.133333333,0.6
9438,74560.2,8.666666667,0.027622378,0.239393939
540,1620,5.4,0.055555556,0.3
4342,19973.2,6.423076923,0.02754491,0.176923077
304,425.6,4.75,0.036842105,0.175
1258,2516,4.352941176,0.027027027,0.117647059
396,1188,4.888888889,0.068181818,0.333333333
16560,144072,7.1875,0.025217391,0.18125
612,1836,4.25,0.058823529,0.25
256,640,4,0.078125,0.3125
1156,3236.8,4,0.041176471,0.164705882
612,1836,4.25,0.058823529,0.25
396,1188,4.888888889,0.068181818,0.333333333
7854,63617.4,7.212121212,0.034033613,0.245454545
3920,22736,5,0.041428571,0.207142857
2016,7459.2,4.571428571,0.038541667,0.176190476
360,972,2.5,0.09,0.225
176,422.4,2.75,0.109090909,0.3
3753,19515.6,5.148148148,0.037410072,0.192592593
2750,13750,4.4,0.045454545,0.2
13160,121072,8.225,0.027963526,0.23
216,432,3.375,0.074074074,0.25
2090,8360,4.318181818,0.042105263,0.181818182
1258,2641.8,4.352941176,0.028378378,0.123529412
1260,5040,3.888888889,0.057142857,0.222222222
2775,13320,4.44,0.043243243,0.192
954,3816,2.944444444,0.075471698,0.222222222
14616,128620.8,8.285714286,0.025287356,0.20952381
2400,12480,4.166666667,0.052,0.216666667
7968,56572.8,7.78125,0.028514056,0.221875
1445,4335,5,0.035294118,0.176470588
7854,63617.4,7.212121212,0.034033613,0.245454545
4342,19104.8,6.423076923,0.026347305,0.169230769
954,3816,2.944444444,0.075471698,0.222222222
2400,14400,4.166666667,0.06,0.25
550,1155,4.545454545,0.042,0.190909091
504,756,3.5,0.035714286,0.125
208,416,3.25,0.076923077,0.25
2775,13320,4.44,0.043243243,0.192
250,750,2.5,0.12,0.3
1960,4312,4.9,0.02244898,0.11
396,1188,4.888888889,0.068181818,0.333333333
1472,6329.6,5.75,0.04673913,0.26875
1564,6412.4,5.411764706,0.044565217,0.241176471
11968,98137.6,6.181818182,0.030147059,0.186363636
396,792,2.75,0.060606061,0.166666667
528,1003.2,3.666666667,0.043181818,0.158333333
416,832,6.5,0.038461538,0.25
369,811.8,4.555555556,0.053658537,0.244444444
3920,22736,5,0.041428571,0.207142857
2088,6055.2,6.444444444,0.025,0.161111111
1410,3807,6.266666667,0.028723404,0.18
310,961,3.1,0.1,0.31
1960,4312,4.9,0.02244898,0.11
3920,22736,5,0.041428571,0.207142857
9408,80908.8,9.1875,0.029251701,0.26875
15312,133214.4,6.645833333,0.027272727,0.18125
3212,8993.6,6.636363636,0.019178082,0.127272727
12168,111945.6,8,0.029487179,0.235897436
540,1620,5.4,0.055555556,0.3
3484,19162,5.153846154,0.041044776,0.211538462
1258,2641.8,4.352941176,0.028378378,0.123529412
15300,126990,6.12,0.027124183,0.166
304,425.6,4.75,0.036842105,0.175
184,239.2,2.875,0.056521739,0.1625
528,1108.8,3.666666667,0.047727273,0.175
7328,49097.6,7.15625,0.029257642,0.209375
15030,130761,7.422222222,0.026047904,0.193333333
11968,98137.6,6.181818182,0.030147059,0.186363636
2068,8892.4,4.272727273,0.045744681,0.195454545
580,1160,5.8,0.034482759,0.2
2568,11812.8,4.458333333,0.042990654,0.191666667
2060,10300,5.15,0.048543689,0.25
184,239.2,2.875,0.056521739,0.1625
1560,6240,3.9,0.051282051,0.2
564,1974,3.916666667,0.074468085,0.291666667
120,120,3.333333333,0.05,0.166666667
451,1353,3.727272727,0.073170732,0.272727273
3584,9676.8,4.571428571,0.02109375,0.096428571
240,384,3.75,0.053333333,0.2
1760,7392,6.875,0.038181818,0.2625
450,1125,4.5,0.055555556,0.25
396,792,2.75,0.060606061,0.166666667
208,416,3.25,0.076923077,0.25
216,432,3.375,0.074074074,0.25
2288,9838.4,4.727272727,0.041346154,0.195454545
396,792,2.75,0.060606061,0.166666667
1224,4896,4.235294118,0.055555556,0.235294118
1700,3740,5.882352941,0.022,0.129411765
1278,4089.6,3.944444444,0.045070423,0.177777778
14400,123840,5.76,0.029861111,0.172
580,1160,5.8,0.034482759,0.2
2400,12480,4.166666667,0.052,0.216666667
144,360,4,0.104166667,0.416666667
468,1170,5.777777778,0.048076923,0.277777778
450,1125,4.5,0.055555556,0.25
256,640,4,0.078125,0.3125
540,648,3.75,0.026666667,0.1
528,1108.8,3.666666667,0.047727273,0.175
7968,56572.8,7.78125,0.028514056,0.221875
270,675,3.333333333,0.083333333,0.277777778
52,130,3.25,0.192307692,0.625
14490,123165,8.214285714,0.024637681,0.202380952
560,1624,5.6,0.051785714,0.29
1420,5680,3.55,0.056338028,0.2
7854,63617.4,7.212121212,0.034033613,0.245454545
144,360,4,0.104166667,0.416666667
504,756,3.5,0.035714286,0.125
1700,3740,5.882352941,0.022,0.129411765
144,360,4,0.104166667,0.416666667
450,1125,4.5,0.055555556,0.25
208,374.4,3.25,0.069230769,0.225
208,416,3.25,0.076923077,0.25
8874,71879.4,7.676470588,0.031034483,0.238235294
832,1664,3.25,0.038461538,0.125
2052,6361.2,6.333333333,0.027192982,0.172222222
432,1080,3,0.069444444,0.208333333
4480,23744,5.714285714,0.033125,0.189285714
1394,3903.2,4.823529412,0.034146341,0.164705882
2775,13320,4.44,0.043243243,0.192
8874,71879.4,7.676470588,0.031034483,0.238235294
3740,20196,9.35,0.028877005,0.27
176,422.4,2.75,0.109090909,0.3
216,432,3.375,0.074074074,0.25
7480,53856,6.470588235,0.032727273,0.211764706
540,648,3.75,0.026666667,0.1
4342,19104.8,6.423076923,0.026347305,0.169230769
504,756,3.5,0.035714286,0.125
108,194.4,3,0.1,0.3
1953,6249.6,4.428571429,0.034408602,0.152380952
1258,2641.8,4.352941176,0.028378378,0.123529412
1224,4896,4.235294118,0.055555556,0.235294118
3484,19162,5.153846154,0.041044776,0.211538462
3484,19162,5.153846154,0.041044776,0.211538462
2568,11812.8,4.458333333,0.042990654,0.191666667
540,1620,5.4,0.055555556,0.3
16432,146244.8,6.076923077,0.028164557,0.171153846
2400,14400,4.166666667,0.06,0.25
162,583.2,4.5,0.133333333,0.6
14616,128620.8,8.285714286,0.025287356,0.20952381
16432,146244.8,6.076923077,0.028164557,0.171153846
4968,53654.4,6.814814815,0.058695652,0.4
5124,51752.4,6.535714286,0.055191257,0.360714286
7296,78796.8,7.125,0.047368421,0.3375
5856,54460.8,5.71875,0.050819672,0.290625
1590,7950,7.066666667,0.047169811,0.333333333
5856,46848,5.71875,0.043715847,0.25
5220,51678,6.206896552,0.055,0.34137931
5856,69100.8,5.71875,0.064480874,0.36875
10248,87108,5.80952381,0.034836066,0.202380952
7296,60556.8,7.125,0.036403509,0.259375
11044,90560.8,5.704545455,0.032669323,0.186363636
5856,46848,5.71875,0.043715847,0.25
2147,10735,5.947368421,0.044247788,0.263157895
4316,37980.8,6.384615385,0.053012048,0.338461538
19980,379620,5.55,0.057057057,0.316666667
5856,65587.2,5.71875,0.061202186,0.35
5856,46848,5.71875,0.043715847,0.25
10248,113752.8,5.80952381,0.045491803,0.264285714
5920,42624,5.78125,0.038918919,0.225
5856,51532.8,5.71875,0.048087432,0.275
5856,55632,5.71875,0.051912568,0.296875
13570,130272,6.413043478,0.032542373,0.208695652
5984,72406.4,5.84375,0.064705882,0.378125
13248,125856,5.75,0.03442029,0.197916667
5856,43920,5.71875,0.040983607,0.234375
3289,24667.5,6.217391304,0.052447552,0.326086957
13662,127056.6,6.456521739,0.031313131,0.202173913
4968,51667.2,6.814814815,0.056521739,0.385185185
3080,23100,6.363636364,0.053571429,0.340909091
5856,69100.8,5.71875,0.064480874,0.36875
4080,28152,7.083333333,0.040588235,0.2875
20160,217728,5.6,0.032142857,0.18
5856,46848,5.71875,0.043715847,0.25
4928,38931.2,6.285714286,0.044886364,0.282142857
5856,61488,5.71875,0.057377049,0.328125
8325,78255,6.081081081,0.041777778,0.254054054
11000,97900,5.681818182,0.0356,0.202272727
4968,44712,6.814814815,0.048913043,0.333333333
3528,23990.4,6.125,0.046258503,0.283333333
8325,64935,6.081081081,0.034666667,0.210810811
7296,60556.8,7.125,0.036403509,0.259375
7296,83904,7.125,0.050438596,0.359375
13248,155001.6,5.75,0.042391304,0.24375
20160,221760,5.6,0.032738095,0.183333333
7296,95577.6,7.125,0.05745614,0.409375
10248,113752.8,5.80952381,0.045491803,0.264285714
5856,63244.8,5.71875,0.059016393,0.3375
19980,411588,5.55,0.061861862,0.343333333
5856,49776,5.71875,0.046448087,0.265625
5856,54460.8,5.71875,0.050819672,0.290625
14350,228165,5.74,0.055400697,0.318
5856,51532.8,5.71875,0.048087432,0.275
5856,46848,5.71875,0.043715847,0.25
5856,69100.8,5.71875,0.064480874,0.36875
3625,30812.5,5.8,0.05862069,0.34
5856,50947.2,5.71875,0.047540984,0.271875
5824,42515.2,5.6875,0.04010989,0.228125
13340,129398,6.304347826,0.033448276,0.210869565
3528,23990.4,6.125,0.046258503,0.283333333
10956,87648,5.659090909,0.032128514,0.181818182
7524,72982.8,6.909090909,0.04254386,0.293939394
9576,81396,5.428571429,0.037280702,0.202380952
3480,22968,6.041666667,0.045517241,0.275
10248,124000.8,5.80952381,0.049590164,0.288095238
5856,46848,5.71875,0.043715847,0.25
2600,12740,6.5,0.037692308,0.245
5856,48604.8,5.71875,0.045355191,0.259375
4455,30739.5,6.111111111,0.041818182,0.255555556
3108,18337.2,7.047619048,0.039864865,0.280952381
7296,65664,7.125,0.039473684,0.28125
5856,52704,5.71875,0.049180328,0.28125
7037,85851.4,7.322580645,0.053744493,0.393548387
5856,70857.6,5.71875,0.066120219,0.378125
5856,46848,5.71875,0.043715847,0.25
5856,46848,5.71875,0.043715847,0.25
3384,26733.6,5.875,0.056028369,0.329166667
2688,13708.8,6.095238095,0.03984375,0.242857143
5888,48870.4,5.75,0.045108696,0.259375
19920,221112,5.533333333,0.033433735,0.185
5856,55632,5.71875,0.051912568,0.296875
5856,50361.6,5.71875,0.046994536,0.26875
4619,26790.2,4.806451613,0.038926174,0.187096774
4420,49946,6.538461538,0.066470588,0.434615385
3312,23846.4,6.260869565,0.05,0.313043478
5856,50361.6,5.71875,0.046994536,0.26875
5824,61734.4,5.6875,0.058241758,0.33125
5856,46848,5.71875,0.043715847,0.25
4860,35478,6.666666667,0.040555556,0.27037037
11000,93500,5.681818182,0.034,0.193181818
7296,95577.6,7.125,0.05745614,0.409375
8473,91508.4,6.189189189,0.047161572,0.291891892
2480,13144,6.2,0.042741935,0.265
4320,40608,5.925925926,0.05875,0.348148148
4928,38931.2,6.285714286,0.044886364,0.282142857
6039,68844.6,5.545454545,0.062295082,0.345454545
10248,92232,5.80952381,0.036885246,0.214285714
3124,25616.8,6.454545455,0.057746479,0.372727273
5920,48544,5.78125,0.044324324,0.25625
5856,49776,5.71875,0.046448087,0.265625
2952,19188,5.125,0.052845528,0.270833333
5856,49776,5.71875,0.046448087,0.265625
4316,37980.8,6.384615385,0.053012048,0.338461538
13296,132960,5.770833333,0.036101083,0.208333333
4968,38253.6,6.814814815,0.041847826,0.285185185
3289,24667.5,6.217391304,0.052447552,0.326086957
5856,49190.4,5.71875,0.045901639,0.2625
5856,48019.2,5.71875,0.044808743,0.25625
5856,69100.8,5.71875,0.064480874,0.36875
4968,53654.4,6.814814815,0.058695652,0.4
20160,217728,5.6,0.032142857,0.18
19920,400392,5.533333333,0.060542169,0.335
5856,54460.8,5.71875,0.050819672,0.290625
7296,65664,7.125,0.039473684,0.28125
5856,46848,5.71875,0.043715847,0.25
4968,55641.6,6.814814815,0.060869565,0.414814815
11000,110000,5.681818182,0.04,0.227272727
10428,117836.4,5.386363636,0.047679325,0.256818182
13296,152904,5.770833333,0.041516245,0.239583333
5856,43920,5.71875,0.040983607,0.234375
5856,48604.8,5.71875,0.045355191,0.259375
4000,37200,6.4,0.058125,0.372
5856,50361.6,5.71875,0.046994536,0.26875
5760,46080,5.625,0.044444444,0.25
10428,117836.4,5.386363636,0.047679325,0.256818182
7296,56908.8,7.125,0.034210526,0.24375
5856,46848,5.71875,0.043715847,0.25
5856,56217.6,5.71875,0.052459016,0.3
12558,160742.4,5.934782609,0.046886447,0.27826087
11000,100100,5.681818182,0.0364,0.206818182
4000,26000,6.4,0.040625,0.26
19980,405594,5.55,0.060960961,0.338333333
3576,32899.2,6.208333333,0.061744966,0.383333333
5824,47756.8,5.6875,0.045054945,0.25625
5824,47756.8,5.6875,0.045054945,0.25625
8325,64935,6.081081081,0.034666667,0.210810811
5856,64416,5.71875,0.06010929,0.34375
13248,155001.6,5.75,0.042391304,0.24375
13296,194121.6,5.770833333,0.052707581,0.304166667
8100,62370,6.25,0.034222222,0.213888889
5856,52704,5.71875,0.049180328,0.28125
6048,52617.6,5.90625,0.046031746,0.271875
4860,37422,6.666666667,0.042777778,0.285185185
5824,61734.4,5.6875,0.058241758,0.33125
2600,13000,6.5,0.038461538,0.25
14350,228165,5.74,0.055400697,0.318
6048,49593.6,5.90625,0.043386243,0.25625
8510,73186,6.216216216,0.037391304,0.232432432
4186,37255.4,6.192307692,0.055279503,0.342307692
8584,63521.6,6.27027027,0.031896552,0.2
19980,219780,5.55,0.033033033,0.183333333
4941,39528,6.777777778,0.043715847,0.296296296
13700,130150,5.48,0.034671533,0.19
11000,97900,5.681818182,0.0356,0.202272727
10248,124000.8,5.80952381,0.049590164,0.288095238
20160,221760,5.6,0.032738095,0.183333333
7328,54960,7.15625,0.032751092,0.234375
5856,45091.2,5.71875,0.042076503,0.240625
8015,111408.5,6.542857143,0.06069869,0.397142857
6816,51120,6.65625,0.035211268,0.234375
5856,65001.6,5.71875,0.060655738,0.346875
5856,69100.8,5.71875,0.064480874,0.36875
10206,125533.8,5.785714286,0.050617284,0.292857143
3519,16187.4,6.652173913,0.030065359,0.2
5856,49190.4,5.71875,0.045901639,0.2625
6039,56766.6,5.545454545,0.05136612,0.284848485
7328,91600,7.15625,0.054585153,0.390625
13248,125856,5.75,0.03442029,0.197916667
4680,42588,6.923076923,0.050555556,0.35
5856,52704,5.71875,0.049180328,0.28125
5856,65001.6,5.71875,0.060655738,0.346875
4914,50614.2,6.740740741,0.056593407,0.381481481
5856,47433.6,5.71875,0.044262295,0.253125
10248,140397.6,5.80952381,0.056147541,0.326190476
5856,66172.8,5.71875,0.061748634,0.353125
5856,50361.6,5.71875,0.046994536,0.26875
5856,61488,5.71875,0.057377049,0.328125
13152,219638.4,5.708333333,0.060948905,0.347916667
5856,46848,5.71875,0.043715847,0.25
5856,48019.2,5.71875,0.044808743,0.25625
8510,81696,6.216216216,0.04173913,0.259459459
5856,65001.6,5.71875,0.060655738,0.346875
19920,400392,5.533333333,0.060542169,0.335
6039,69448.5,5.545454545,0.06284153,0.348484848
4000,29600,6.4,0.04625,0.296
3289,24667.5,6.217391304,0.052447552,0.326086957
10500,128100,5.952380952,0.0488,0.29047619
5920,42624,5.78125,0.038918919,0.225
5856,50361.6,5.71875,0.046994536,0.26875
10248,140397.6,5.80952381,0.056147541,0.326190476
5856,69100.8,5.71875,0.064480874,0.36875
4420,49946,6.538461538,0.066470588,0.434615385
12960,71280,6.4,0.019097222,0.122222222
7296,97036.8,7.125,0.058333333,0.415625
4293,42930,5.888888889,0.062893082,0.37037037
5856,69100.8,5.71875,0.064480874,0.36875
7296,65664,7.125,0.039473684,0.28125
13570,142485,6.413043478,0.03559322,0.22826087
13754,134789.2,6.5,0.03277592,0.213043478
14350,228165,5.74,0.055400697,0.318
13152,222268.8,5.708333333,0.061678832,0.352083333
5856,55632,5.71875,0.051912568,0.296875
13426,158426.8,5.591836735,0.043065693,0.240816327
6180,61800,6.866666667,0.048543689,0.333333333
11000,129800,5.681818182,0.0472,0.268181818
5040,53928,6.428571429,0.059444444,0.382142857
4992,41932.8,8.666666667,0.040384615,0.35
11000,122100,5.681818182,0.0444,0.252272727
13152,123628.8,5.708333333,0.034306569,0.195833333
5824,68140.8,5.6875,0.064285714,0.365625
8280,67068,6.388888889,0.035217391,0.225
3675,34545,5.88,0.063945578,0.376
5856,46848,5.71875,0.043715847,0.25
3105,24840,5.869565217,0.059259259,0.347826087
10248,125025.6,5.80952381,0.05,0.29047619
9576,127360.8,5.428571429,0.058333333,0.316666667
11000,149600,5.681818182,0.0544,0.309090909
13754,129287.6,6.5,0.031438127,0.204347826
9576,127360.8,5.428571429,0.058333333,0.316666667
20160,225792,5.6,0.033333333,0.186666667
8325,78255,6.081081081,0.041777778,0.254054054
5856,44505.6,5.71875,0.041530055,0.2375
13152,214377.6,5.708333333,0.059489051,0.339583333
9618,78867.6,5.452380952,0.03580786,0.195238095
4968,55641.6,6.814814815,0.060869565,0.414814815
9576,114912,5.428571429,0.052631579,0.285714286
5856,65587.2,5.71875,0.061202186,0.35
5856,50361.6,5.71875,0.046994536,0.26875
10868,129329.2,5.613636364,0.048178138,0.270454545
8100,64800,6.25,0.035555556,0.222222222
5856,50361.6,5.71875,0.046994536,0.26875
20160,322560,5.6,0.047619048,0.266666667
3381,20624.1,6.391304348,0.041496599,0.265217391
13248,155001.6,5.75,0.042391304,0.24375
8510,73186,6.216216216,0.037391304,0.232432432
10248,90182.4,5.80952381,0.036065574,0.20952381
4293,42071.4,5.888888889,0.06163522,0.362962963
11000,132000,5.681818182,0.048,0.272727273
5856,46848,5.71875,0.043715847,0.25
5856,63244.8,5.71875,0.059016393,0.3375
6048,52617.6,5.90625,0.046031746,0.271875
11000,96800,5.681818182,0.0352,0.2
7360,57408,7.1875,0.033913043,0.24375
1958,11748,4.045454545,0.06741573,0.272727273
5920,48544,5.78125,0.044324324,0.25625
2600,13000,6.5,0.038461538,0.25
13248,155001.6,5.75,0.042391304,0.24375
7360,58880,7.1875,0.034782609,0.25
11000,93500,5.681818182,0.034,0.193181818
8208,68126.4,6.333333333,0.036403509,0.230555556
5856,48604.8,5.71875,0.045355191,0.259375
5888,48870.4,5.75,0.045108696,0.259375
5856,52704,5.71875,0.049180328,0.28125
8136,64274.4,6.277777778,0.034955752,0.219444444
5856,49776,5.71875,0.046448087,0.265625
12760,123772,6.590909091,0.033448276,0.220454545
13426,158426.8,5.591836735,0.043065693,0.240816327
19980,335664,5.55,0.05045045,0.28
19920,276888,5.533333333,0.04186747,0.231666667
8325,100732.5,6.081081081,0.053777778,0.327027027
7360,58880,7.1875,0.034782609,0.25
12960,71280,6.4,0.019097222,0.122222222
3875,27125,6.2,0.04516129,0.28
8280,71208,6.388888889,0.037391304,0.238888889
2070,10764,6.388888889,0.045217391,0.288888889
3888,33825.6,6.75,0.053703704,0.3625
11000,146300,5.681818182,0.0532,0.302272727
11000,132000,5.681818182,0.048,0.272727273
3312,22521.6,6.260869565,0.047222222,0.295652174
8280,88596,6.388888889,0.046521739,0.297222222
7296,87552,7.125,0.052631579,0.375
4316,37980.8,6.384615385,0.053012048,0.338461538
7296,86822.4,7.125,0.052192982,0.371875
19980,219780,5.55,0.033033033,0.183333333
13570,142485,6.413043478,0.03559322,0.22826087
7264,88620.8,7.09375,0.053744493,0.38125
10206,86751,5.785714286,0.034979424,0.202380952
5856,50361.6,5.71875,0.046994536,0.26875
7296,64204.8,7.125,0.038596491,0.275
13662,132521.4,6.456521739,0.032659933,0.210869565
3381,22652.7,6.391304348,0.045578231,0.291304348
3480,23664,6.041666667,0.046896552,0.283333333
3312,27158.4,6.260869565,0.056944444,0.356521739
5824,50668.8,5.6875,0.047802198,0.271875
1590,7950,7.066666667,0.047169811,0.333333333
11000,118800,5.681818182,0.0432,0.245454545
5984,72406.4,5.84375,0.064705882,0.378125
5856,50361.6,5.71875,0.046994536,0.26875
1972,9860,6.823529412,0.043103448,0.294117647
5856,46848,5.71875,0.043715847,0.25
5856,66172.8,5.71875,0.061748634,0.353125
4293,42930,5.888888889,0.062893082,0.37037037
3045,20706,6.904761905,0.046896552,0.323809524
5856,50361.6,5.71875,0.046994536,0.26875
5856,45091.2,5.71875,0.042076503,0.240625
19920,400392,5.533333333,0.060542169,0.335
4860,37422,6.666666667,0.042777778,0.285185185
5856,59145.6,5.71875,0.055191257,0.315625
5856,51532.8,5.71875,0.048087432,0.275
6048,49593.6,5.90625,0.043386243,0.25625
5856,46848,5.71875,0.043715847,0.25
4000,29600,6.4,0.04625,0.296
10384,85148.8,5.363636364,0.034745763,0.186363636
2400,11760,6,0.040833333,0.245
4715,30647.5,8.913043478,0.031707317,0.282608696
3381,22652.7,6.391304348,0.045578231,0.291304348
3925,29437.5,6.28,0.047770701,0.3
8510,73186,6.216216216,0.037391304,0.232432432
3168,25977.6,6.545454545,0.056944444,0.372727273
5824,47756.8,5.6875,0.045054945,0.25625
5856,45091.2,5.71875,0.042076503,0.240625
5766,58813.2,6,0.05483871,0.329032258
6560,51168,6.40625,0.03804878,0.24375
7524,65458.8,6.909090909,0.038157895,0.263636364
10248,124000.8,5.80952381,0.049590164,0.288095238
5220,39672,6.206896552,0.042222222,0.262068966
10868,129329.2,5.613636364,0.048178138,0.270454545
19980,219780,5.55,0.033033033,0.183333333
10692,97297.2,5.522727273,0.03744856,0.206818182
11000,93500,5.681818182,0.034,0.193181818
5824,47756.8,5.6875,0.045054945,0.25625
5856,67344,5.71875,0.06284153,0.359375
10956,98604,5.659090909,0.036144578,0.204545455
5304,31824,7.846153846,0.029411765,0.230769231
19980,335664,5.55,0.05045045,0.28
7296,60556.8,7.125,0.036403509,0.259375
5220,41238,6.206896552,0.043888889,0.272413793
13248,155001.6,5.75,0.042391304,0.24375
6048,49593.6,5.90625,0.043386243,0.25625
5856,73785.6,5.71875,0.068852459,0.39375
13296,178166.4,5.770833333,0.048375451,0.279166667
13426,122176.6,5.591836735,0.033211679,0.185714286
7360,57408,7.1875,0.033913043,0.24375
11000,129800,5.681818182,0.0472,0.268181818
11000,136400,5.681818182,0.0496,0.281818182
5792,66028.8,5.65625,0.062983425,0.35625
5792,58499.2,5.65625,0.055801105,0.315625
7264,88620.8,7.09375,0.053744493,0.38125
3456,22464,6,0.045138889,0.270833333
13248,157651.2,5.75,0.043115942,0.247916667
13570,126201,6.413043478,0.031525424,0.202173913
8584,63521.6,6.27027027,0.031896552,0.2
4779,29629.8,6.555555556,0.035028249,0.22962963
13152,123628.8,5.708333333,0.034306569,0.195833333
5856,69100.8,5.71875,0.064480874,0.36875
2034,10780.2,6.277777778,0.046902655,0.294444444
13296,194121.6,5.770833333,0.052707581,0.304166667
11000,110000,5.681818182,0.04,0.227272727
8584,63521.6,6.27027027,0.031896552,0.2
11000,136400,5.681818182,0.0496,0.281818182
5856,50947.2,5.71875,0.047540984,0.271875
5856,67344,5.71875,0.06284153,0.359375
5856,45676.8,5.71875,0.042622951,0.24375
10290,103929,5.833333333,0.04122449,0.24047619
5856,46848,5.71875,0.043715847,0.25
6171,49368,5.666666667,0.042780749,0.242424242
1972,9860,6.823529412,0.043103448,0.294117647
2106,11161.8,6.5,0.045299145,0.294444444
5856,47433.6,5.71875,0.044262295,0.253125
10692,97297.2,5.522727273,0.03744856,0.206818182
3168,24710.4,6.545454545,0.054166667,0.354545455
4680,35568,6.923076923,0.042222222,0.292307692
3456,21427.2,6,0.043055556,0.258333333
7296,94848,7.125,0.057017544,0.40625
3888,33825.6,6.75,0.053703704,0.3625
3528,23990.4,6.125,0.046258503,0.283333333
5824,54745.6,5.6875,0.051648352,0.29375
8064,94348.8,6.222222222,0.052232143,0.325
2064,11352,8.0625,0.042635659,0.34375
2400,14400,6,0.05,0.3
5220,39672,6.206896552,0.042222222,0.262068966
4715,30647.5,8.913043478,0.031707317,0.282608696
11008,99072,5.953488372,0.03515625,0.209302326
5856,50361.6,5.71875,0.046994536,0.26875
10500,128100,5.952380952,0.0488,0.29047619
19980,219780,5.55,0.033033033,0.183333333
13570,126201,6.413043478,0.031525424,0.202173913
13152,122313.6,5.708333333,0.033941606,0.19375
5856,46848,5.71875,0.043715847,0.25
4080,28152,7.083333333,0.040588235,0.2875
20160,225792,5.6,0.033333333,0.186666667
10956,104082,5.659090909,0.03815261,0.215909091
11000,93500,5.681818182,0.034,0.193181818
13426,158426.8,5.591836735,0.043065693,0.240816327
2106,15795,6.5,0.064102564,0.416666667
5856,48019.2,5.71875,0.044808743,0.25625
3480,30972,6.041666667,0.06137931,0.370833333
5040,48384,6.428571429,0.053333333,0.342857143
13478,126693.2,6.369565217,0.032081911,0.204347826
4080,28152,7.083333333,0.040588235,0.2875
5040,38304,6.428571429,0.042222222,0.271428571
11000,93500,5.681818182,0.034,0.193181818
5824,66393.6,5.6875,0.062637363,0.35625
5888,48870.4,5.75,0.045108696,0.259375
3168,25977.6,6.545454545,0.056944444,0.372727273
13152,160454.4,5.708333333,0.044525547,0.254166667
10956,87648,5.659090909,0.032128514,0.181818182
3576,32899.2,6.208333333,0.061744966,0.383333333
12558,131859,5.934782609,0.038461538,0.22826087
4617,54942.3,6.333333333,0.069590643,0.440740741
11000,93500,5.681818182,0.034,0.193181818
4000,26000,6.4,0.040625,0.26
6039,69448.5,5.545454545,0.06284153,0.348484848
3565,32798,6.739130435,0.059354839,0.4
7524,72982.8,6.909090909,0.04254386,0.293939394
5856,73200,5.71875,0.068306011,0.390625
4968,44712,6.814814815,0.048913043,0.333333333
13570,142485,6.413043478,0.03559322,0.22826087
5824,54745.6,5.6875,0.051648352,0.29375
13570,142485,6.413043478,0.03559322,0.22826087
3975,28222.5,6.36,0.044654088,0.284
3912,29731.2,6.791666667,0.046625767,0.316666667
13200,118800,5.729166667,0.032727273,0.1875
5856,43920,5.71875,0.040983607,0.234375
5856,50947.2,5.71875,0.047540984,0.271875
2740,18084,6.85,0.048175182,0.33
5096,40768,6.5,0.043956044,0.285714286
5952,45830.4,5.8125,0.041397849,0.240625
13152,222268.8,5.708333333,0.061678832,0.352083333
5856,50947.2,5.71875,0.047540984,0.271875
13248,155001.6,5.75,0.042391304,0.24375
11000,118800,5.681818182,0.0432,0.245454545
3456,22118.4,6,0.044444444,0.266666667
10290,103929,5.833333333,0.04122449,0.24047619
5856,64416,5.71875,0.06010929,0.34375
3528,24696,6.125,0.047619048,0.291666667
5856,67344,5.71875,0.06284153,0.359375
4968,38253.6,6.814814815,0.041847826,0.285185185
14350,271215,5.74,0.065853659,0.378
4000,29600,6.4,0.04625,0.296
7360,55936,7.1875,0.033043478,0.2375
3480,21924,6.041666667,0.043448276,0.2625
2106,15795,6.5,0.064102564,0.416666667
7296,83904,7.125,0.050438596,0.359375
5856,43920,5.71875,0.040983607,0.234375
5856,47433.6,5.71875,0.044262295,0.253125
5856,52704,5.71875,0.049180328,0.28125
7037,64740.4,7.322580645,0.040528634,0.296774194
7264,88620.8,7.09375,0.053744493,0.38125
1590,7950,7.066666667,0.047169811,0.333333333
5856,50361.6,5.71875,0.046994536,0.26875
11000,96800,5.681818182,0.0352,0.2
19980,305694,5.55,0.045945946,0.255
5952,54758.4,5.8125,0.049462366,0.2875
10248,87108,5.80952381,0.034836066,0.202380952
4455,30739.5,6.111111111,0.041818182,0.255555556
5856,68515.2,5.71875,0.063934426,0.365625
4293,42930,5.888888889,0.062893082,0.37037037
13754,134789.2,6.5,0.03277592,0.213043478
5824,50086.4,5.6875,0.047252747,0.26875
5856,46848,5.71875,0.043715847,0.25
5856,49776,5.71875,0.046448087,0.265625
5984,72406.4,5.84375,0.064705882,0.378125
11000,129800,5.681818182,0.0472,0.268181818
13754,127912.2,6.5,0.031103679,0.202173913
4455,33858,6.111111111,0.046060606,0.281481481
6816,51120,6.65625,0.035211268,0.234375
5124,46628.4,6.535714286,0.049726776,0.325
13426,158426.8,5.591836735,0.043065693,0.240816327
5920,42624,5.78125,0.038918919,0.225
5856,69100.8,5.71875,0.064480874,0.36875
5856,44505.6,5.71875,0.041530055,0.2375
5824,68140.8,5.6875,0.064285714,0.365625
5856,51532.8,5.71875,0.048087432,0.275
8510,73186,6.216216216,0.037391304,0.232432432
2600,14560,6.5,0.043076923,0.28
4316,37980.8,6.384615385,0.053012048,0.338461538
4134,33072,6.115384615,0.050314465,0.307692308
1590,7950,7.066666667,0.047169811,0.333333333
5856,51532.8,5.71875,0.048087432,0.275
5856,65001.6,5.71875,0.060655738,0.346875
5856,69100.8,5.71875,0.064480874,0.36875
5856,50361.6,5.71875,0.046994536,0.26875
10248,125025.6,5.80952381,0.05,0.29047619
3312,23846.4,6.260869565,0.05,0.313043478
8015,111408.5,6.542857143,0.06069869,0.397142857
19980,219780,5.55,0.033033033,0.183333333
2400,11760,6,0.040833333,0.245
13152,122313.6,5.708333333,0.033941606,0.19375
2106,15795,6.5,0.064102564,0.416666667
5856,43920,5.71875,0.040983607,0.234375
6816,51120,6.65625,0.035211268,0.234375
5952,54758.4,5.8125,0.049462366,0.2875
4000,29600,6.4,0.04625,0.296
19980,219780,5.55,0.033033033,0.183333333
5856,46848,5.71875,0.043715847,0.25
14350,228165,5.74,0.055400697,0.318
11000,122100,5.681818182,0.0444,0.252272727
7296,56908.8,7.125,0.034210526,0.24375
2147,10520.3,5.947368421,0.043362832,0.257894737
5856,60316.8,5.71875,0.056284153,0.321875
5856,52704,5.71875,0.049180328,0.28125
5856,49776,5.71875,0.046448087,0.265625
4968,43718.4,6.814814815,0.047826087,0.325925926
3059,25389.7,5.782608696,0.062406015,0.360869565
5856,69100.8,5.71875,0.064480874,0.36875
2034,10780.2,6.277777778,0.046902655,0.294444444
3625,30812.5,5.8,0.05862069,0.34
19980,219780,5.55,0.033033033,0.183333333
4995,39960,6.851851852,0.043243243,0.296296296
5856,54460.8,5.71875,0.050819672,0.290625
5856,54460.8,5.71875,0.050819672,0.290625
4134,42166.8,6.115384615,0.064150943,0.392307692
4000,32400,6.4,0.050625,0.324
5856,45091.2,5.71875,0.042076503,0.240625
2560,16384,6.4,0.05,0.32
1958,11748,4.045454545,0.06741573,0.272727273
2400,16560,6,0.0575,0.345
5952,66662.4,5.8125,0.060215054,0.35
5856,45676.8,5.71875,0.042622951,0.24375
5920,47952,5.78125,0.043783784,0.253125
4320,28944,5.925925926,0.041875,0.248148148
4455,30739.5,6.111111111,0.041818182,0.255555556
19980,219780,5.55,0.033033033,0.183333333
5952,67257.6,5.8125,0.060752688,0.353125
6039,56766.6,5.545454545,0.05136612,0.284848485
8280,71208,6.388888889,0.037391304,0.238888889
13296,178166.4,5.770833333,0.048375451,0.279166667
5920,66304,5.78125,0.060540541,0.35
10956,87648,5.659090909,0.032128514,0.181818182
5952,49401.6,5.8125,0.044623656,0.259375
5856,65001.6,5.71875,0.060655738,0.346875
19980,219780,5.55,0.033033033,0.183333333
10956,98604,5.659090909,0.036144578,0.204545455
5856,71443.2,5.71875,0.066666667,0.38125
10248,90182.4,5.80952381,0.036065574,0.20952381
7264,88620.8,7.09375,0.053744493,0.38125
5856,49190.4,5.71875,0.045901639,0.2625
3528,34927.2,6.125,0.067346939,0.4125
1848,25132.8,4.19047619,0.154545455,0.647619048
3925,29437.5,6.28,0.047770701,0.3
5952,54758.4,5.8125,0.049462366,0.2875
13152,214377.6,5.708333333,0.059489051,0.339583333
20160,322560,5.6,0.047619048,0.266666667
11000,93500,5.681818182,0.034,0.193181818
5856,69686.4,5.71875,0.065027322,0.371875
5220,39672,6.206896552,0.042222222,0.262068966
11000,96800,5.681818182,0.0352,0.2
5856,46848,5.71875,0.043715847,0.25
11000,93500,5.681818182,0.034,0.193181818
3381,22652.7,6.391304348,0.045578231,0.291304348
5824,50668.8,5.6875,0.047802198,0.271875
5856,65001.6,5.71875,0.060655738,0.346875
5952,49401.6,5.8125,0.044623656,0.259375
5856,49776,5.71875,0.046448087,0.265625
4134,33072,6.115384615,0.050314465,0.307692308
2200,13200,5.5,0.054545455,0.3
5856,50361.6,5.71875,0.046994536,0.26875
5888,73011.2,5.75,0.067391304,0.3875
5856,48019.2,5.71875,0.044808743,0.25625
11000,118800,5.681818182,0.0432,0.245454545
13754,156795.6,6.5,0.03812709,0.247826087
10206,86751,5.785714286,0.034979424,0.202380952
2289,16023,5.19047619,0.064220183,0.333333333
13426,158426.8,5.591836735,0.043065693,0.240816327
8100,85860,6.25,0.047111111,0.294444444
14350,271215,5.74,0.065853659,0.378
5856,60902.4,5.71875,0.056830601,0.325
5856,45091.2,5.71875,0.042076503,0.240625
4968,43718.4,6.814814815,0.047826087,0.325925926
5856,66172.8,5.71875,0.061748634,0.353125
5824,42515.2,5.6875,0.04010989,0.228125
13248,155001.6,5.75,0.042391304,0.24375
5824,68140.8,5.6875,0.064285714,0.365625
1958,11748,4.045454545,0.06741573,0.272727273
5856,64416,5.71875,0.06010929,0.34375
7360,57408,7.1875,0.033913043,0.24375
7296,81715.2,7.125,0.049122807,0.35
1972,14395.6,6.823529412,0.062931034,0.429411765
4860,54432,6.666666667,0.062222222,0.414814815
4134,42166.8,6.115384615,0.064150943,0.392307692
10290,103929,5.833333333,0.04122449,0.24047619
7296,97036.8,7.125,0.058333333,0.415625
5856,69100.8,5.71875,0.064480874,0.36875
4048,23883.2,8.363636364,0.032065217,0.268181818
5856,59145.6,5.71875,0.055191257,0.315625
1972,14395.6,6.823529412,0.062931034,0.429411765
5856,61488,5.71875,0.057377049,0.328125
7360,58880,7.1875,0.034782609,0.25
11000,93500,5.681818182,0.034,0.193181818
4619,26790.2,4.806451613,0.038926174,0.187096774
11000,127600,5.681818182,0.0464,0.263636364
8325,78255,6.081081081,0.041777778,0.254054054
3625,30812.5,5.8,0.05862069,0.34
4048,23883.2,8.363636364,0.032065217,0.268181818
5856,45676.8,5.71875,0.042622951,0.24375
5856,50947.2,5.71875,0.047540984,0.271875
8473,90661.1,6.189189189,0.046724891,0.289189189
3528,26812.8,6.125,0.05170068,0.316666667
4320,40608,5.925925926,0.05875,0.348148148
3045,20706,6.904761905,0.046896552,0.323809524
19920,276888,5.533333333,0.04186747,0.231666667
5856,65001.6,5.71875,0.060655738,0.346875
2240,11424,5.6,0.045535714,0.255
1848,25132.8,4.19047619,0.154545455,0.647619048
5856,45091.2,5.71875,0.042076503,0.240625
5220,39672,6.206896552,0.042222222,0.262068966
7296,97036.8,7.125,0.058333333,0.415625
13426,158426.8,5.591836735,0.043065693,0.240816327
10956,99699.6,5.659090909,0.036546185,0.206818182
10248,125025.6,5.80952381,0.05,0.29047619
19920,276888,5.533333333,0.04186747,0.231666667
5856,62659.2,5.71875,0.058469945,0.334375
13296,194121.6,5.770833333,0.052707581,0.304166667
13478,126693.2,6.369565217,0.032081911,0.204347826
3625,30812.5,5.8,0.05862069,0.34
7360,55936,7.1875,0.033043478,0.2375
5824,68140.8,5.6875,0.064285714,0.365625
5856,46848,5.71875,0.043715847,0.25
5824,50668.8,5.6875,0.047802198,0.271875
2064,11352,8.0625,0.042635659,0.34375
7296,64204.8,7.125,0.038596491,0.275
5856,50947.2,5.71875,0.047540984,0.271875
2106,15795,6.5,0.064102564,0.416666667
5856,49190.4,5.71875,0.045901639,0.2625
5856,52704,5.71875,0.049180328,0.28125
3480,23664,6.041666667,0.046896552,0.283333333
8280,71208,6.388888889,0.037391304,0.238888889
3360,27888,8.4,0.049404762,0.415
2600,18980,6.5,0.056153846,0.365
11000,118800,5.681818182,0.0432,0.245454545
3312,23846.4,6.260869565,0.05,0.313043478
5856,55632,5.71875,0.051912568,0.296875
3080,23100,6.363636364,0.053571429,0.340909091
5856,59145.6,5.71875,0.055191257,0.315625
11000,146300,5.681818182,0.0532,0.302272727
7296,65664,7.125,0.039473684,0.28125
10248,125025.6,5.80952381,0.05,0.29047619
9576,114912,5.428571429,0.052631579,0.285714286
3456,20044.8,6,0.040277778,0.241666667
13426,158426.8,5.591836735,0.043065693,0.240816327
3456,21427.2,6,0.043055556,0.258333333
14350,271215,5.74,0.065853659,0.378
5670,41391,6.3,0.038624339,0.243333333
8473,96592.2,6.189189189,0.049781659,0.308108108
10956,87648,5.659090909,0.032128514,0.181818182
5952,49401.6,5.8125,0.044623656,0.259375
5856,66172.8,5.71875,0.061748634,0.353125
5888,73011.2,5.75,0.067391304,0.3875
2160,12096,6.666666667,0.046666667,0.311111111
3480,21924,6.041666667,0.043448276,0.2625
2600,13000,6.5,0.038461538,0.25
3875,27125,6.2,0.04516129,0.28
5920,42624,5.78125,0.038918919,0.225
11000,110000,5.681818182,0.04,0.227272727
5487,45542.1,5.709677419,0.046892655,0.267741935
5096,40768,6.5,0.043956044,0.285714286
10956,87648,5.659090909,0.032128514,0.181818182
5124,51752.4,6.535714286,0.055191257,0.360714286
5856,50361.6,5.71875,0.046994536,0.26875
20160,221760,5.6,0.032738095,0.183333333
6180,64890,6.866666667,0.050970874,0.35
2460,15252,6.15,0.050406504,0.31
5856,49776,5.71875,0.046448087,0.265625
11000,132000,5.681818182,0.048,0.272727273
10248,92232,5.80952381,0.036885246,0.214285714
3750,21375,6,0.038,0.228
13754,129287.6,6.5,0.031438127,0.204347826
3045,20706,6.904761905,0.046896552,0.323809524
13152,219638.4,5.708333333,0.060948905,0.347916667
5856,50361.6,5.71875,0.046994536,0.26875
13248,157651.2,5.75,0.043115942,0.247916667
5856,48019.2,5.71875,0.044808743,0.25625
6210,52164,6.9,0.04057971,0.28
6048,49593.6,5.90625,0.043386243,0.25625
2480,13144,6.2,0.042741935,0.265
5856,50361.6,5.71875,0.046994536,0.26875
5856,49776,5.71875,0.046448087,0.265625
5952,66662.4,5.8125,0.060215054,0.35
20160,221760,5.6,0.032738095,0.183333333
5040,53928,6.428571429,0.059444444,0.382142857
5856,49776,5.71875,0.046448087,0.265625
13426,122176.6,5.591836735,0.033211679,0.185714286
2160,12096,6.666666667,0.046666667,0.311111111
19920,400392,5.533333333,0.060542169,0.335
6560,51168,6.40625,0.03804878,0.24375
10428,117836.4,5.386363636,0.047679325,0.256818182
8280,67068,6.388888889,0.035217391,0.225
3703,25180.4,7,0.042236025,0.295652174
8100,62370,6.25,0.034222222,0.213888889
5824,42515.2,5.6875,0.04010989,0.228125
13296,194121.6,5.770833333,0.052707581,0.304166667
4860,37422,6.666666667,0.042777778,0.285185185
13754,129287.6,6.5,0.031438127,0.204347826
19980,297702,5.55,0.044744745,0.248333333
4968,53654.4,6.814814815,0.058695652,0.4
7296,64204.8,7.125,0.038596491,0.275
3528,34221.6,6.125,0.065986395,0.404166667
7296,81715.2,7.125,0.049122807,0.35
13340,124062,6.304347826,0.032068966,0.202173913
6290,45917,5.441176471,0.039459459,0.214705882
5824,61734.4,5.6875,0.058241758,0.33125
3528,23990.4,6.125,0.046258503,0.283333333
4779,29629.8,6.555555556,0.035028249,0.22962963
5824,47756.8,5.6875,0.045054945,0.25625
10248,126050.4,5.80952381,0.050409836,0.292857143
19980,379620,5.55,0.057057057,0.316666667
4134,42166.8,6.115384615,0.064150943,0.392307692
13200,158400,5.729166667,0.043636364,0.25
12558,160742.4,5.934782609,0.046886447,0.27826087
3480,22968,6.041666667,0.045517241,0.275
5856,69100.8,5.71875,0.064480874,0.36875
5952,55353.6,5.8125,0.05,0.290625
4293,42500.7,5.888888889,0.062264151,0.366666667
10428,117836.4,5.386363636,0.047679325,0.256818182
12558,131859,5.934782609,0.038461538,0.22826087
5856,69100.8,5.71875,0.064480874,0.36875
6290,45917,5.441176471,0.039459459,0.214705882
12558,219765,5.934782609,0.064102564,0.380434783
9618,78867.6,5.452380952,0.03580786,0.195238095
11000,93500,5.681818182,0.034,0.193181818
11000,129800,5.681818182,0.0472,0.268181818
4968,53654.4,6.814814815,0.058695652,0.4
11000,155100,5.681818182,0.0564,0.320454545
3289,24667.5,6.217391304,0.052447552,0.326086957
3059,22024.8,5.782608696,0.054135338,0.313043478
13662,132521.4,6.456521739,0.032659933,0.210869565
5952,45830.4,5.8125,0.041397849,0.240625
5856,69100.8,5.71875,0.064480874,0.36875
8064,94348.8,6.222222222,0.052232143,0.325
20160,221760,5.6,0.032738095,0.183333333
4619,26790.2,4.806451613,0.038926174,0.187096774
5856,46848,5.71875,0.043715847,0.25
5856,45676.8,5.71875,0.042622951,0.24375
3480,27492,6.041666667,0.054482759,0.329166667
13426,158426.8,5.591836735,0.043065693,0.240816327
7360,57408,7.1875,0.033913043,0.24375
11000,118800,5.681818182,0.0432,0.245454545
5856,53289.6,5.71875,0.049726776,0.284375
4619,26790.2,4.806451613,0.038926174,0.187096774
5856,50947.2,5.71875,0.047540984,0.271875
7264,88620.8,7.09375,0.053744493,0.38125
5856,65001.6,5.71875,0.060655738,0.346875
10868,129329.2,5.613636364,0.048178138,0.270454545
7264,88620.8,7.09375,0.053744493,0.38125
5824,68140.8,5.6875,0.064285714,0.365625
4992,41932.8,8.666666667,0.040384615,0.35
8280,71208,6.388888889,0.037391304,0.238888889
9618,97141.8,5.452380952,0.044104803,0.24047619
6039,68844.6,5.545454545,0.062295082,0.345454545
5856,49776,5.71875,0.046448087,0.265625
2200,12980,5.5,0.053636364,0.295
5856,65001.6,5.71875,0.060655738,0.346875
13248,143078.4,5.75,0.039130435,0.225
5856,49190.4,5.71875,0.045901639,0.2625
11000,93500,5.681818182,0.034,0.193181818
3975,28222.5,6.36,0.044654088,0.284
6560,49200,6.40625,0.036585366,0.234375
12558,130603.2,5.934782609,0.038095238,0.226086957
4928,38931.2,6.285714286,0.044886364,0.282142857
11000,93500,5.681818182,0.034,0.193181818
4000,37200,6.4,0.058125,0.372
8100,69660,6.25,0.038222222,0.238888889
11000,97900,5.681818182,0.0356,0.202272727
5766,58813.2,6,0.05483871,0.329032258
5856,46848,5.71875,0.043715847,0.25
4619,26790.2,4.806451613,0.038926174,0.187096774
5452,39254.4,6.482758621,0.038297872,0.248275862
5920,47952,5.78125,0.043783784,0.253125
8510,81696,6.216216216,0.04173913,0.259459459
5856,65001.6,5.71875,0.060655738,0.346875
12558,160742.4,5.934782609,0.046886447,0.27826087
14700,138180,6.12244898,0.031333333,0.191836735
5856,50361.6,5.71875,0.046994536,0.26875
5856,50361.6,5.71875,0.046994536,0.26875
19980,413586,5.55,0.062162162,0.345
2160,12096,6.666666667,0.046666667,0.311111111
7296,83904,7.125,0.050438596,0.359375
5974,63324.4,7.103448276,0.051456311,0.365517241
5792,58499.2,5.65625,0.055801105,0.315625
9576,81396,5.428571429,0.037280702,0.202380952
19920,276888,5.533333333,0.04186747,0.231666667
3124,17806.8,6.454545455,0.040140845,0.259090909
4000,26000,6.4,0.040625,0.26
8064,94348.8,6.222222222,0.052232143,0.325
7360,55200,7.1875,0.032608696,0.234375
7524,72982.8,6.909090909,0.04254386,0.293939394
11000,122100,5.681818182,0.0444,0.252272727
5400,54540,6,0.056111111,0.336666667
3975,28222.5,6.36,0.044654088,0.284
5856,47433.6,5.71875,0.044262295,0.253125
5856,45091.2,5.71875,0.042076503,0.240625
5856,66172.8,5.71875,0.061748634,0.353125
7296,65664,7.125,0.039473684,0.28125
4000,29600,6.4,0.04625,0.296
5824,61734.4,5.6875,0.058241758,0.33125
4968,51667.2,6.814814815,0.056521739,0.385185185
4928,38931.2,6.285714286,0.044886364,0.282142857
7360,58144,7.1875,0.034347826,0.246875
6039,56766.6,5.545454545,0.05136612,0.284848485
7296,60556.8,7.125,0.036403509,0.259375
5766,58813.2,6,0.05483871,0.329032258
13754,127912.2,6.5,0.031103679,0.202173913
4394,43940,6.5,0.059171598,0.384615385
7296,83904,7.125,0.050438596,0.359375
7360,57408,7.1875,0.033913043,0.24375
5856,48019.2,5.71875,0.044808743,0.25625
5856,49190.4,5.71875,0.045901639,0.2625
3675,34545,5.88,0.063945578,0.376
5856,49190.4,5.71875,0.045901639,0.2625
5696,42720,5.5625,0.042134831,0.234375
2064,11352,8.0625,0.042635659,0.34375
10248,140397.6,5.80952381,0.056147541,0.326190476
13570,153341,6.413043478,0.038305085,0.245652174
6048,49593.6,5.90625,0.043386243,0.25625
8473,91508.4,6.189189189,0.047161572,0.291891892
19980,405594,5.55,0.060960961,0.338333333
2400,14400,6,0.05,0.3
7360,55936,7.1875,0.033043478,0.2375
7296,95577.6,7.125,0.05745614,0.409375
19980,219780,5.55,0.033033033,0.183333333
6048,68947.2,5.90625,0.06031746,0.35625
3080,23100,6.363636364,0.053571429,0.340909091
10206,142884,5.785714286,0.057613169,0.333333333
13475,196735,5.612244898,0.053090909,0.297959184
6039,68844.6,5.545454545,0.062295082,0.345454545
5888,73011.2,5.75,0.067391304,0.3875
5856,45091.2,5.71875,0.042076503,0.240625
7360,55936,7.1875,0.033043478,0.2375
7296,87552,7.125,0.052631579,0.375
10290,103929,5.833333333,0.04122449,0.24047619
5856,50947.2,5.71875,0.047540984,0.271875
19980,411588,5.55,0.061861862,0.343333333
11000,96800,5.681818182,0.0352,0.2
5856,43920,5.71875,0.040983607,0.234375
19920,221112,5.533333333,0.033433735,0.185
8280,88596,6.388888889,0.046521739,0.297222222
19920,221112,5.533333333,0.033433735,0.185
13754,129287.6,6.5,0.031438127,0.204347826
6400,46720,6.25,0.0365,0.228125
13570,142485,6.413043478,0.03559322,0.22826087
10248,90182.4,5.80952381,0.036065574,0.20952381
4394,39546,6.5,0.053254438,0.346153846
8325,100732.5,6.081081081,0.053777778,0.327027027
3480,23664,6.041666667,0.046896552,0.283333333
19980,219780,5.55,0.033033033,0.183333333
5856,69100.8,5.71875,0.064480874,0.36875
3528,23990.4,6.125,0.046258503,0.283333333
5856,55632,5.71875,0.051912568,0.296875
5856,56217.6,5.71875,0.052459016,0.3
7296,81715.2,7.125,0.049122807,0.35
3105,24840,5.869565217,0.059259259,0.347826087
5040,36792,6.428571429,0.040555556,0.260714286
5856,49190.4,5.71875,0.045901639,0.2625
5856,50947.2,5.71875,0.047540984,0.271875
5856,54460.8,5.71875,0.050819672,0.290625
8280,88596,6.388888889,0.046521739,0.297222222
3519,16187.4,6.652173913,0.030065359,0.2
4833,32381.1,6.62962963,0.037430168,0.248148148
5856,46848,5.71875,0.043715847,0.25
5856,60902.4,5.71875,0.056830601,0.325
5856,69100.8,5.71875,0.064480874,0.36875
7296,80985.6,7.125,0.048684211,0.346875
13200,118800,5.729166667,0.032727273,0.1875
5856,47433.6,5.71875,0.044262295,0.253125
5856,47433.6,5.71875,0.044262295,0.253125
5856,56217.6,5.71875,0.052459016,0.3
20160,322560,5.6,0.047619048,0.266666667
2070,10764,6.388888889,0.045217391,0.288888889
3059,25389.7,5.782608696,0.062406015,0.360869565
5856,69100.8,5.71875,0.064480874,0.36875
8100,62370,6.25,0.034222222,0.213888889
5856,44505.6,5.71875,0.041530055,0.2375
11000,129800,5.681818182,0.0472,0.268181818
10248,125025.6,5.80952381,0.05,0.29047619
4619,26790.2,4.806451613,0.038926174,0.187096774
11000,122100,5.681818182,0.0444,0.252272727
12558,130603.2,5.934782609,0.038095238,0.226086957
5856,50361.6,5.71875,0.046994536,0.26875
5856,49190.4,5.71875,0.045901639,0.2625
11000,93500,5.681818182,0.034,0.193181818
8100,62370,6.25,0.034222222,0.213888889
5856,47433.6,5.71875,0.044262295,0.253125
4080,28152,7.083333333,0.040588235,0.2875
13248,125856,5.75,0.03442029,0.197916667
6528,64627.2,6.375,0.048529412,0.309375
3750,21375,6,0.038,0.228
5856,60902.4,5.71875,0.056830601,0.325
5452,39254.4,6.482758621,0.038297872,0.248275862
4617,54942.3,6.333333333,0.069590643,0.440740741
4968,38253.6,6.814814815,0.041847826,0.285185185
8100,62370,6.25,0.034222222,0.213888889
19980,219780,5.55,0.033033033,0.183333333
13754,134789.2,6.5,0.03277592,0.213043478
5760,46080,5.625,0.044444444,0.25
10248,124000.8,5.80952381,0.049590164,0.288095238
11000,146300,5.681818182,0.0532,0.302272727
14350,271215,5.74,0.065853659,0.378
7524,65458.8,6.909090909,0.038157895,0.263636364
13478,126693.2,6.369565217,0.032081911,0.204347826
11000,129800,5.681818182,0.0472,0.268181818
5856,43334.4,5.71875,0.040437158,0.23125
5040,38304,6.428571429,0.042222222,0.271428571
14350,271215,5.74,0.065853659,0.378
4293,42500.7,5.888888889,0.062264151,0.366666667
8473,91508.4,6.189189189,0.047161572,0.291891892
5856,46848,5.71875,0.043715847,0.25
20160,322560,5.6,0.047619048,0.266666667
11000,110000,5.681818182,0.04,0.227272727
8064,94348.8,6.222222222,0.052232143,0.325
5856,44505.6,5.71875,0.041530055,0.2375
5856,46848,5.71875,0.043715847,0.25
6039,68844.6,5.545454545,0.062295082,0.345454545
5856,43920,5.71875,0.040983607,0.234375
13426,158426.8,5.591836735,0.043065693,0.240816327
3675,34545,5.88,0.063945578,0.376
5856,50947.2,5.71875,0.047540984,0.271875
4968,55641.6,6.814814815,0.060869565,0.414814815
7296,58368,7.125,0.035087719,0.25
4455,33858,6.111111111,0.046060606,0.281481481
7296,64204.8,7.125,0.038596491,0.275
3312,27820.8,6.260869565,0.058333333,0.365217391
3528,24696,6.125,0.047619048,0.291666667
3528,27518.4,6.125,0.053061224,0.325
5856,44505.6,5.71875,0.041530055,0.2375
2460,15252,6.15,0.050406504,0.31
13248,155001.6,5.75,0.042391304,0.24375
1520,6384,5.9375,0.044210526,0.2625
2200,12980,5.5,0.053636364,0.295
3190,23925,6.590909091,0.051724138,0.340909091
11000,93500,5.681818182,0.034,0.193181818
5856,73200,5.71875,0.068306011,0.390625
7296,78796.8,7.125,0.047368421,0.3375
10290,103929,5.833333333,0.04122449,0.24047619
4134,33072,6.115384615,0.050314465,0.307692308
5856,69100.8,5.71875,0.064480874,0.36875
5856,43920,5.71875,0.040983607,0.234375
5040,38304,6.428571429,0.042222222,0.271428571
13426,158426.8,5.591836735,0.043065693,0.240816327
5856,43334.4,5.71875,0.040437158,0.23125
13296,194121.6,5.770833333,0.052707581,0.304166667
7296,62745.6,7.125,0.037719298,0.26875
11000,96800,5.681818182,0.0352,0.2
5040,38304,6.428571429,0.042222222,0.271428571
1890,9450,5.833333333,0.047619048,0.277777778
7360,57408,7.1875,0.033913043,0.24375
19980,413586,5.55,0.062162162,0.345
5856,51532.8,5.71875,0.048087432,0.275
11000,97900,5.681818182,0.0356,0.202272727
5856,66172.8,5.71875,0.061748634,0.353125
19920,400392,5.533333333,0.060542169,0.335
4968,51667.2,6.814814815,0.056521739,0.385185185
12558,160742.4,5.934782609,0.046886447,0.27826087
5856,56217.6,5.71875,0.052459016,0.3
8510,102120,6.216216216,0.052173913,0.324324324
1590,7950,7.066666667,0.047169811,0.333333333
5040,53928,6.428571429,0.059444444,0.382142857
4394,39546,6.5,0.053254438,0.346153846
2160,12096,6.666666667,0.046666667,0.311111111
5220,51678,6.206896552,0.055,0.34137931
5856,43334.4,5.71875,0.040437158,0.23125
11000,93500,5.681818182,0.034,0.193181818
6615,72765,5.4,0.058201058,0.314285714
7296,78796.8,7.125,0.047368421,0.3375
5920,47952,5.78125,0.043783784,0.253125
4860,35478,6.666666667,0.040555556,0.27037037
13700,130150,5.48,0.034671533,0.19
13426,122176.6,5.591836735,0.033211679,0.185714286
1980,10098,6.111111111,0.046363636,0.283333333
14350,271215,5.74,0.065853659,0.378
20160,221760,5.6,0.032738095,0.183333333
11000,93500,5.681818182,0.034,0.193181818
7296,78796.8,7.125,0.047368421,0.3375
4000,33200,6.4,0.051875,0.332
5856,48604.8,5.71875,0.045355191,0.259375
4968,53654.4,6.814814815,0.058695652,0.4
9576,114912,5.428571429,0.052631579,0.285714286
13754,129287.6,6.5,0.031438127,0.204347826
5856,50361.6,5.71875,0.046994536,0.26875
14304,134457.6,6.208333333,0.031543624,0.195833333
5856,48604.8,5.71875,0.045355191,0.259375
3675,34545,5.88,0.063945578,0.376
13570,130272,6.413043478,0.032542373,0.208695652
3381,20624.1,6.391304348,0.041496599,0.265217391
10492,89182,5.674418605,0.034836066,0.197674419
13426,122176.6,5.591836735,0.033211679,0.185714286
5856,69100.8,5.71875,0.064480874,0.36875
5856,48604.8,5.71875,0.045355191,0.259375
11000,100100,5.681818182,0.0364,0.206818182
5856,65587.2,5.71875,0.061202186,0.35
5856,49190.4,5.71875,0.045901639,0.2625
5856,69100.8,5.71875,0.064480874,0.36875
7360,55200,7.1875,0.032608696,0.234375
2600,18980,6.5,0.056153846,0.365
10248,113752.8,5.80952381,0.045491803,0.264285714
5766,58813.2,6,0.05483871,0.329032258
4320,44064,5.925925926,0.06375,0.377777778
3576,32899.2,6.208333333,0.061744966,0.383333333
5856,49190.4,5.71875,0.045901639,0.2625
5856,47433.6,5.71875,0.044262295,0.253125
13865,153901.5,6.276595745,0.037627119,0.236170213
5920,42624,5.78125,0.038918919,0.225
20160,409248,5.6,0.060416667,0.338333333
5856,51532.8,5.71875,0.048087432,0.275
2520,16884,5.714285714,0.055833333,0.319047619
4134,42166.8,6.115384615,0.064150943,0.392307692
11000,93500,5.681818182,0.034,0.193181818
11000,97900,5.681818182,0.0356,0.202272727
4968,53654.4,6.814814815,0.058695652,0.4
5856,50361.6,5.71875,0.046994536,0.26875
11000,146300,5.681818182,0.0532,0.302272727
